use My_database;

CREATE TABLE Category 
  (Category_id numeric(1,0),
  Name VARCHAR(45),
  PRIMARY KEY (Category_id));
  
CREATE TABLE Products 
  (Barcode numeric(13,0),
  Category_id numeric(1,0) NOT NULL,
  Name VARCHAR(45),
  Price numeric(4,2) check(Price > 0),
  Brand_name BIT,
  PRIMARY KEY (Barcode),
  FOREIGN KEY (Category_id) REFERENCES Category(Category_id));
  
CREATE TABLE Stores 
  (Store_id numeric(2,0),
  Opening_hours VARCHAR(45),
  Size numeric(3,0),
  Street VARCHAR(45),
  Number numeric(3,0),
  Postal_code numeric(5,0),
  City VARCHAR(45),
  PRIMARY KEY (Store_id));
  
  CREATE TABLE Customer 
 ( Card_number numeric(5,0),
  Points INT,
  Name VARCHAR(45) NOT NULL,
  Phone numeric(10,0),
  Pet BIT,
  Family_members INT,
  City VARCHAR(45),
  Postal_code numeric(5,0),
  Street VARCHAR(45),
  Number numeric(3,0),
  Date_of_birth DATE NOT NULL,
  PRIMARY KEY (Card_number));

CREATE TABLE Phone_store 
  (Store_id numeric(2,0),
  Phone numeric(10,0),
  PRIMARY KEY (Phone, Store_id),
  FOREIGN KEY (Store_id) REFERENCES Stores(Store_id));
  
  CREATE TABLE Older_Prices 
  (Start_date DATE,
  End_date DATE,
  Barcode numeric(13,0),
  Price numeric(4,2) check(Price > 0),
  PRIMARY KEY (Start_date,Barcode),
  FOREIGN KEY (Barcode) REFERENCES Products(Barcode)
  on delete cascade);
  
  CREATE TABLE Transactions 
  (Card_number numeric(5,0),
  Payment_method varchar(4),
  Total_amount numeric(5,2),
  Date_time DATETIME ,
  PRIMARY KEY (Date_time,Card_number),
  FOREIGN KEY (Card_number) REFERENCES Customer(Card_number));
  
  
  CREATE TABLE Offers 
  (Store_id numeric(2,0),
  Barcode numeric(13,0),
  Alley numeric(2,0),
  Shelf numeric(2,0),
  PRIMARY KEY (Store_id, Barcode),
  FOREIGN KEY (Barcode) REFERENCES Products(Barcode)
  on delete cascade,
  FOREIGN KEY (Store_id) REFERENCES Stores(Store_id));
  
CREATE TABLE Contains
  (Pieces INT NOT NULL,
  Barcode numeric(13,0),
  Date_time DATETIME,
  Card_number numeric(5,0),
  PRIMARY KEY (Date_time, Barcode, Card_number),
  FOREIGN KEY (Barcode) REFERENCES Products(Barcode)
  on delete cascade,
  FOREIGN KEY (Card_number) REFERENCES Customer(Card_number),
  FOREIGN KEY (Date_time) REFERENCES Transactions(Date_time));
  
insert into Category (Category_id, Name)
	values(1, 'Fresh Foood'),
    (2,'Frozen Food'),
    (3,'Liquor'),
    (4,'Personal Care Items'),
    (5,'House Items'),
    (6,'Pet Items');

insert into Stores (Store_id, Opening_hours, Size, Street, Number, Postal_code, City)
	values(01,'10:00-21:00',450,'Sokratous',153,18648,'Moschato'),
    (02,'10:00-21:00',650,'Pontou',243,18648,'Moscahto'),
	(03,'10:00-21:00',400,'Kapetanidou',089,18648,'Moscahto'),
	(04,'09:00-21:00',450,'Papamichali',153,21142,'Chalandri'),
	(05,'09:00-21:00',655,'Makris',167,21142,'Chalandri'),
	(06,'09:00-21:00',755,'Kallirois',455,21142,'Chalandri'),
	(07,'09:30-21:00',400,'Ilioupoleos',234,16673,'Boula'),
	(08,'09:30-21:00',590,'Filolaou',004,16673,'Boula'),
	(09,'09:30-21:00',600,'Egeou',123,16673,'Boula'),
	(10,'09:30-21:00',850,'Gounari',183,16673,'Boula');
    
insert into Phone_store (Store_id,Phone)
	values(01,2105677889),
    (01,2105677890),
    (01,2103455633),
    (02,2103455634),
    (02,2103455635),
    (03,2105478990),
    (03,2105478991),
    (04,2134832000),
    (04,2134832001),
    (05,2135488008),
	(05,2135488009),
    (05,2135488010),
	(06,2137648120),
    (06,2137648121),
    (06,2137648122),
	(07,2554328008),
	(07,2554328009),
    (08,2554310580),
    (08,2554310581),
    (09,2554630049),
    (09,2554630050),
    (09,2554630051),
    (10,255450810),
    (10,255450811),
    (10,255450812),
    (10,255450813);
  
insert into Customer 
(Card_number,Points,Name, Phone, Pet, Family_members, City, Postal_code, Street, Number, Date_of_birth)
	values(10004,550,'Petros Papadopoulos',6919242476,1,1,'Kifisia',89734,'Akadhmias',64,'1959-07-16'),
    (10006,459,'Petros Papadopoulos',6919242476,1,1,'Kifisia',89734,'Akadhmias',64,'1959-07-16'),
	(10105,360,'Petros Pappas',6916599956,1,2,'Kifisia',59123,'Panormou',42,'1988-02-22'),
    (10106,410,'Petros Pappas',6916599956,1,2,'Kifisia',59123,'Panormou',42,'1988-02-22'),
	(10208,1385,'Maria Karagiannis',69438102,0,0,'Kolonaki',63406,'Athinas',96,'1943-05-24'),
	(10306,490,'Petros Blachos',6949729354,1,4,'Kifisia',34900,'Panepistimiou',52,'1956-04-19'),
	(10304,282,'Petros Blachos',6949729354,1,4,'Kifisia',34900,'Panepistimiou',52,'1956-04-19'),
    (10305,234,'Petros Blachos',6949729354,1,4,'Kifisia',34900,'Panepistimiou',52,'1956-04-19'),
    (10405,300,'Petros Ioannidis',6966700684,1,2,'Xalandri',80716,'Stadiou',138,'1997-11-24'),
	(10507,130,'Alexandra Oikonomou',6999873090,0,1,'Glyfada',43460,'Papagou',86,'1940-09-27'),
    (10508,395,'Alexandra Oikonomou',6999873090,0,1,'Glyfada',43460,'Papagou',86,'1940-09-27'),
    (10510,510,'Alexandra Oikonomou',6999873090,0,1,'Glyfada',43460,'Papagou',86,'1940-09-27'),
	(10606,283,'Petros Papageorgiou',6986166787,0,4,'Kifisia',53113,'Akadhmias',63,'1946-10-24'),
    (10604,172,'Petros Papageorgiou',6986166787,0,4,'Kifisia',53113,'Akadhmias',63,'1946-10-24'),
	(10701,161,'Petros Makris',6971139432,1,1,'Pagkrati',53949,'Stadiou',84,'2000-02-04'),
    (10702,332,'Petros Makris',6971139432,1,1,'Pagkrati',53949,'Stadiou',84,'2000-02-04'),
	(10810,1780,'Tasia Konstantinidis',6919244049,0,3,'Glyfada',76774,'Panormou',93,'1962-09-23'),
    (10809,482,'Tasia Konstantinidis',6919244049,0,3,'Glyfada',76774,'Panormou',93,'1962-09-23'),
	(10904,832,'Petros Dimopoulos',6919933111,1,0,'Xalandri',26804,'Papagou',62,'1961-08-24'),
    (10906,551,'Petros Dimopoulos',6919933111,1,0,'Xalandri',26804,'Papagou',62,'1961-08-24'),
	(11006,1165,'Giannis Papadopoulos',6999304741,0,3,'Ampelokhpoi',35460,'Sofokleous',36,'1959-11-29'),
	(11102,739,'Giannis Pappas',6994181398,1,4,'Plaka',33833,'Akadhmias',134,'1952-09-27'),
    (11103,94,'Giannis Pappas',6994181398,1,4,'Plaka',33833,'Akadhmias',134,'1952-09-27'),
    (11101,701,'Giannis Pappas',6994181398,1,4,'Plaka',33833,'Akadhmias',134,'1952-09-27'),
	(11204,795,'Iliana Karagiannis',6918608702,1,1,'Xolargos',27874,'Panepistimiou',116,'1973-05-25'),
    (11205,814,'Iliana Karagiannis',6918608702,1,1,'Xolargos',27874,'Panepistimiou',116,'1973-05-25'),
	(11305,556,'Giannis Blachos',6910909017,1,2,'Ampelokhpoi',40708,'Akadhmias',135,'1947-06-28'),
	(11403,278,'Giannis Ioannidis',6949183377,1,4,'Pagkrati',32803,'Panepistimiou',13,'1962-01-05'),
    (11401,8,'Giannis Ioannidis',6949183377,1,4,'Pagkrati',32803,'Panepistimiou',13,'1962-01-05'),
    (11402,400,'Giannis Ioannidis',6949183377,1,4,'Pagkrati',32803,'Panepistimiou',13,'1962-01-05'),
	(11502,884,'Zoi Oikonomou',6964572081,0,2,'Peiraias',44588,'Papagou',128,'1942-07-17'),
	(11606,464,'Giannis Papageorgiou',6953684781,1,3,'Ampelokhpoi',18470,'Athinas',150,'1995-04-29'),
    (11605,505,'Giannis Papageorgiou',6953684781,1,3,'Ampelokhpoi',18470,'Athinas',150,'1995-04-29'),
	(11701,448,'Giannis Makris',694132068,1,1,'Kolonaki',60534,'Papagou',42,'1950-06-15'),
    (11702,948,'Giannis Makris',694132068,1,1,'Kolonaki',60534,'Papagou',42,'1950-06-15'),
	(11802,1142,'Vicky Konstantinidis',6971335989,1,2,'Plaka',46591,'Panepistimiou',85,'1951-12-28'),
    (11803,218,'Vicky Konstantinidis',6971335989,1,2,'Plaka',46591,'Panepistimiou',85,'1951-12-28'),
	(11903,572,'Giannis Dimopoulos',6940215113,1,1,'Kolonaki',37245,'Panormou',19,'1988-03-28'),
	(12004,910,'Giorgos Papadopoulos',6937122851,0,3,'Xolargos',34607,'Panepistimiou',69,'1962-06-01'),
	(12109,543,'Giorgia Pappas',6999795755,1,0,'Plaka',30333,'Papagou',133,'2002-01-17'),
    (12107,90,'Giorgia Pappas',6999795755,1,0,'Plaka',30333,'Papagou',133,'2002-01-17'),
	(12208,545,'Giorgos Karagiannis',6999750620,1,4,'Glyfada',72809,'Sofokleous',118,'1960-01-06'),
    (12210,572,'Giorgos Karagiannis',6999750620,1,4,'Glyfada',72809,'Sofokleous',118,'1960-01-06'),
	(12310,1368,'Gianna Blachos',6979380152,0,2,'Xolargos',23167,'Athinas',146,'1974-06-24'),
	(12404,713,'Chris Ioannidis',6984495090,1,1,'Ilisia',27146,'Papagou',102,'1998-11-11'),
    (12405,655,'Chris Ioannidis',6984495090,1,1,'Ilisia',27146,'Papagou',102,'1998-11-11'),
	(12503,910,'Zoi Oikonomou',6976342271,0,1,'Kolonaki',41642,'Papagou',54,'1975-01-16'),
    (12502,209,'Zoi Oikonomou',6976342271,0,1,'Kolonaki',41642,'Papagou',54,'1975-01-16'),
    (12501,630,'Zoi Oikonomou',6976342271,0,1,'Kolonaki',41642,'Papagou',54,'1975-01-16'),
	(12607,998,'Giorgos Papageorgiou',6970850924,1,1,'Glyfada',64869,'Akadhmias',19,'1968-11-24'),
    (12608,235,'Giorgos Papageorgiou',6970850924,1,1,'Glyfada',64869,'Akadhmias',19,'1968-11-24'),
	(12701,1029,'Petros Makris',6933578751,1,3,'Plaka',44468,'Athinas',9,'1986-10-12'),
    (12703,721,'Petros Makris',6933578751,1,3,'Plaka',44468,'Athinas',9,'1986-10-12'),
	(12802,746,'Giannis Konstantinidis',6987650304,1,4,'Peiraias',17893,'Papagou',46,'1943-04-29'),
    (12907,307,'Harris Dimopoulos',6977773611,1,0,'Kolonaki',37303,'Panepistimiou',109,'1955-01-07'),
	(12908,193,'Harris Dimopoulos',6977773611,1,0,'Kolonaki',37303,'Panepistimiou',109,'1955-01-07'),
    (12909,281,'Harris Dimopoulos',6977773611,1,0,'Kolonaki',37303,'Panepistimiou',109,'1955-01-07'),
    (13001,583,'Petros Makris',6943598752,1,2,'Kallithea',15468,'Pontou',19,'1986-01-01'),
    (13002,701,'Petros Makris',6943598752,1,2,'Kallithea',15468,'Pontou',19,'1986-01-01');

/*create view customer_info as
select * 
from Customer;

select *
from customer_info;*/

insert into Products (Barcode , Category_id, Name, Price, Brand_name)
	values (5201000000001, 1, 'salad', 04.50, 0),
	(5201000000002, 1, 'carrots', 03.00, 0),
	(5201000000003, 1, 'oranges', 04.00, 1),
	(5201000000004, 1, 'bananas', 05.00, 0),
	(5201000000005, 1, 'apples', 06.00, 0),
	(5201000000006, 1, 'pears', 07.00, 1),
	(5201000000007, 1, 'watermelon', 09.00, 1),
	(5201000000008, 1, 'melon', 08.50, 1),
	(5201000000009, 1, 'pineapple', 10.00, 0),
	(5201000000010, 1, 'cherries', 05.00, 1),
	(5201000000011, 1, 'tomatoes', 01.50, 0),
	(5201000000012, 1, 'potatoes', 02.00, 0),
	(5201000000013, 1, 'lettuce', 03.00, 1),
	(5201000000014, 1, 'garlic', 04.00, 0),
	(5201000000015, 1, 'lemons', 03.50, 0),
	(5201000000016, 2, 'milk', 04.00, 1),
	(5201000000017, 2, 'cheese', 07.00, 1),
	(5201000000018, 2, 'juice', 02.50, 1),
	(5201000000019, 2, 'ice-cream 2L', 09.00, 0),
	(5201000000020, 2, 'yogurt', 05.00, 0),
	(5201000000021, 2, 'ham', 14.50, 0),
	(5201000000022, 2, 'meat', 14.00, 0),
	(5201000000023, 2, 'fish', 22.00, 1),
	(5201000000024, 2, 'pizza', 13.00, 0),
	(5201000000025, 2, 'eggs', 04.50, 1),
	(5201000000026, 2, 'butter', 03.50, 1),
	(5201000000027, 2, 'green pea', 04.00, 0),
	(5201000000028, 2, 'cuttlefish', 12.00, 0),
	(5201000000029, 2, 'squids', 16.50, 0),
	(5201000000030, 2, 'shrimps', 20.00, 0),
	(5201000000031, 3, 'cola', 01.50, 1),
	(5201000000032, 3, 'whiskey', 17.00, 1),
	(5201000000033, 3, 'vodka', 15.00, 0),
	(5201000000034, 3, 'rum', 20.00, 1),
	(5201000000035, 3, 'soda', 04.00, 1),
	(5201000000036, 3, 'wine', 28.00, 0),
	(5201000000037, 3, 'beer', 07.00, 0),
	(5201000000038, 3, 'gin', 37.00, 0),
	(5201000000039, 3, 'sparkling water', 01.50,1),
	(5201000000040, 3, 'carbonated orange juice', 03.50, 1),
	(5201000000041, 3, 'apple sider', 02.00, 1),
	(5201000000042, 3, 'redbull', 04.50, 0),
	(5201000000043, 3, 'lemonade', 05.00, 1),
	(5201000000044, 3, 'apple juice', 5.50, 1),
	(5201000000045, 3, 'carrot juice', 6.00, 0),
	(5201000000046, 4, 'shampoo', 13.50, 1),
	(5201000000047, 4, 'shower gel', 24.50, 1),
	(5201000000048, 4, 'conditioner', 39.00, 0),
	(5201000000049, 4, 'toothpaste', 05.50, 0),
	(5201000000050, 4, 'deodorant', 04.50, 0),
	(5201000000051, 4, 'sunscreen', 47.00, 1),
	(5201000000052, 4, 'toothbrush', 17.00, 1),
	(5201000000053, 4, 'cotton swabs', 02.50, 1),
	(5201000000054, 4, 'wet wipes', 13.00, 1),
	(5201000000055, 4, 'shaver', 36.00, 1),
	(5201000000056, 4, 'antiseptic', 14.50, 1),
	(5201000000057, 4, 'after shave', 09.00, 0),
	(5201000000058, 4, 'perfume', 60.00, 0),
	(5201000000059, 4, 'mouthwash', 14.00, 0),
	(5201000000060, 4, 'floss', 00.50, 1),
	(5201000000061, 5, 'bed sheets', 42.00, 1),
	(5201000000062, 5, 'glasses', 65.00, 0),
	(5201000000063, 5, 'towels', 16.00, 0),
	(5201000000064, 5, 'pan', 34.00, 0),
	(5201000000065, 5, 'pillow', 35.00, 0),
	(5201000000066, 5, 'dishes', 10.50, 0),
	(5201000000067, 5, 'blanket', 46.50, 0),
	(5201000000068, 5, 'fan', 29.00, 1),
	(5201000000069, 5, 'knives', 05.50, 1),
	(5201000000070, 5, 'carpet', 28.00, 1),
	(5201000000071, 5, 'forks', 13.00, 0),
	(5201000000072, 5, 'lamp', 15.50, 0),
	(5201000000073, 5, 'metallic straws', 16.00, 0),
	(5201000000074, 5, 'drapes', 34.00, 0),
	(5201000000075, 5, 'painting', 35.00, 0),
    (5201000000076, 5, 'spoons', 13.00, 0),
    (5201000000077, 5, 'pot', 15.50, 0),
    (5201000000078, 5, 'armchair', 99.00, 0),
    (5201000000079, 5, 'cushions', 06.00, 0),
    (5201000000080, 5, 'coffee cup', 05.50, 0),
	(5201000000081, 6, 'dog food', 33.00, 1),
	(5201000000082, 6, 'pet beds', 31.00, 0),
	(5201000000083, 6, 'pet toys', 15.00, 1),
	(5201000000084, 6, 'leash', 28.00, 0),
	(5201000000085, 6, 'bowl', 35.00, 1),
	(5201000000086, 6, 'pet clothes', 48.50, 0),
	(5201000000087, 6, 'collar', 10.50, 1),
	(5201000000088, 6, 'muzzle', 18.50, 0),
	(5201000000089, 6, 'transport box', 29.00, 1),
	(5201000000090, 6, 'pet house', 28.00, 0);

select * from Products;

insert into Older_Prices(Start_date, End_date, Barcode, Price)
	values('2018-01-01','2018-10-31',5201000000001,03.00),
    ('2018-11-01','2019-09-30',5201000000001,04.00),
    ('2019-10-01',NULL,5201000000001,04.50),
	('2018-01-01','2019-01-01',5201000000002,04.00),
    ('2019-01-02',NULL,5201000000002,03.00),
    ('2018-01-01','2019-12-31',5201000000003,04.50),
    ('2020-01-01',NULL,5201000000003,04.00),
    ('2018-01-01','2019-12-31',5201000000004,03.50),
    ('2020-01-01',NULL,5201000000004,05.00),
    ('2018-01-01',NULL,5201000000005,06.00),
    ('2018-01-01',NULL,5201000000006,07.00),
    ('2018-01-01',NULL,5201000000007,09.00),
	('2018-01-01','2018-12-31',5201000000008,05.50),
    ('2019-01-01',NULL,5201000000008,08.50),
    ('2018-01-01',NULL,5201000000009,10.00),
    ('2018-01-01','2018-12-31',5201000000010,03.00),
    ('2019-01-01','2019-12-31',5201000000010,04.00),
    ('2020-01-01',NULL,5201000000010,05.00),
    ('2018-01-01',NULL,5201000000011,01.50),
    ('2018-01-01',NULL,5201000000012,02.00),
    ('2018-01-01','2018-12-31',5201000000013,01.50),
    ('2019-01-01',NULL,5201000000013,03.00),
	('2018-01-01',NULL,5201000000014,04.00),
    ('2018-01-01',NULL,5201000000015,03.50),
    ('2018-01-01','2019-01-01',5201000000016,03.00),
    ('2019-01-02',NULL,5201000000016,04.00),
    ('2018-01-01',NULL,5201000000017,07.00),
    ('2018-01-01','2018-12-31',5201000000018,01.50),
    ('2019-01-01',NULL,5201000000018,02.50),
    ('2018-01-01',NULL,5201000000019,09.00),
    ('2018-01-01',NULL,5201000000020,05.00),
    ('2018-01-01',NULL,5201000000021,14.50),
    ('2018-01-01','2018-10-31',5201000000022,10.00),
    ('2018-11-01','2019-09-30',5201000000022,12.00),
    ('2019-10-01',NULL,5201000000022,14.00),
	('2018-01-01','2019-01-01',5201000000023,18.00),
    ('2019-01-02',NULL,5201000000023,22.00),
    ('2018-01-01','2019-12-31',5201000000024,11.50),
    ('2020-01-01',NULL,5201000000024,13.00),
	('2018-01-01',NULL,5201000000025,04.50),
    ('2018-01-01',NULL,5201000000026,03.50),
    ('2018-01-01',NULL,5201000000027,04.00),
    ('2018-01-01','2019-12-31',5201000000028,13.50),
    ('2020-01-01',NULL,5201000000028,12.00),
	('2018-01-01','2019-12-31',5201000000029,15.00),
    ('2020-01-01',NULL,5201000000029,16.50),
    ('2018-01-01','2019-12-31',5201000000030,16.50),
    ('2020-01-01',NULL,5201000000030,20.00),
    ('2018-01-01','2018-10-31',5201000000031,03.00),
    ('2018-11-01','2019-09-30',5201000000031,03.50),
    ('2019-10-01',NULL,5201000000031,01.50),
	('2018-01-01','2019-01-01',5201000000032,14.00),
    ('2019-01-02',NULL,5201000000032,17.00),
    ('2018-01-01','2019-12-31',5201000000033,14.50),
    ('2020-01-01',NULL,5201000000033,15.00),
    ('2018-01-01','2019-12-31',5201000000034,18.50),
    ('2020-01-01',NULL,5201000000034,20.00),
	('2018-01-01','2019-12-31',5201000000035,03.50),
    ('2020-01-01',NULL,5201000000035,04.00),
    ('2018-01-01',NULL,5201000000036,28.00),
    ('2018-01-01',NULL,5201000000037,07.00),
    ('2018-01-01',NULL,5201000000038,37.00),
	('2018-01-01','2018-12-31',5201000000039,02.50),
    ('2019-01-01',NULL,5201000000039,01.50),
    ('2018-01-01',NULL,5201000000040,03.50),
    ('2018-01-01',NULL,5201000000041,02.00),
    ('2018-01-01',NULL,5201000000042,04.50),
    ('2018-01-01',NULL,5201000000043,05.00),
    ('2018-01-01','2018-12-31',5201000000044,05.00),
    ('2019-01-01',NULL,5201000000044,05.50),
	('2018-01-01',NULL,5201000000045,06.00),
    ('2018-01-01',NULL,5201000000046,13.50),
    ('2018-01-01','2019-01-01',5201000000047,21.00),
    ('2019-01-02',NULL,5201000000047,24.50),
    ('2018-01-01',NULL,5201000000048,39.00),
    ('2018-01-01','2018-12-31',5201000000049,03.50),
    ('2019-01-01',NULL,5201000000049,05.50),
    ('2018-01-01',NULL,5201000000050,04.50),
    ('2018-01-01',NULL,5201000000051,47.00),
    ('2018-01-01',NULL,5201000000052,17.00),
    ('2018-01-01','2018-10-31',5201000000053,02.00),
    ('2018-11-01',NULL,5201000000053,02.50),
	('2018-01-01','2019-01-01',5201000000054,10.00),
    ('2019-01-02',NULL,5201000000054,13.00),
    ('2018-01-01','2019-12-31',5201000000055,39.50),
    ('2020-01-01',NULL,5201000000055,36.00),
	('2018-01-01',NULL,5201000000056,14.50),
    ('2018-01-01',NULL,5201000000057,09.00),
    ('2018-01-01',NULL,5201000000058,60.00),
    ('2018-01-01','2019-12-31',5201000000059,10.00),
    ('2020-01-01',NULL,5201000000059,14.00),
	('2018-01-01','2019-12-31',5201000000060,01.50),
    ('2020-01-01',NULL,5201000000060,00.50),
    ('2018-01-01','2019-12-31',5201000000061,35.00),
    ('2020-01-01',NULL,5201000000061,42.00),
    ('2018-01-01','2018-12-31',5201000000062,55.00),
    ('2019-01-01',NULL,5201000000062,65.00),
    ('2018-01-01',NULL,5201000000063,16.00),
    ('2018-01-01',NULL,5201000000064,34.00),
    ('2018-01-01',NULL,5201000000065,35.00),
    ('2018-01-01',NULL,5201000000066,10.50),
    ('2018-01-01',NULL,5201000000067,46.50),
    ('2018-01-01','2018-12-31',5201000000068,30.00),
    ('2019-01-01',NULL,5201000000068,29.00),
	('2018-01-01',NULL,5201000000069,05.50),
    ('2018-01-01',NULL,5201000000070,28.00),
    ('2018-01-01','2019-01-01',5201000000071,12.00),
    ('2019-01-02',NULL,5201000000071,13.00),
    ('2018-01-01',NULL,5201000000072,15.50),
    ('2018-01-01','2018-12-31',5201000000073,15.00),
    ('2019-01-01',NULL,5201000000073,16.00),
    ('2018-01-01',NULL,5201000000074,34.00),
    ('2018-01-01',NULL,5201000000075,35.00),
    ('2018-01-01',NULL,5201000000076,13.00),
    ('2018-01-01','2018-10-31',5201000000077,15.00),
    ('2018-11-01',NULL,5201000000077,15.50),
    ('2018-01-01',NULL,5201000000078,99.00),
	('2018-01-01','2019-01-01',5201000000079,05.00),
    ('2019-01-02',NULL,5201000000079,06.00),
    ('2018-01-01',NULL,5201000000080,05.50),
    ('2018-01-01','2019-12-31',5201000000081,40.00),
    ('2020-01-01',NULL,5201000000081,33.00),
	('2018-01-01',NULL,5201000000082,31.00),
    ('2018-01-01',NULL,5201000000083,15.00),
    ('2018-01-01',NULL,5201000000084,28.00),
    ('2018-01-01','2019-12-31',5201000000085,30.00),
    ('2020-01-01',NULL,5201000000085,35.00),
    ('2018-01-01',NULL,5201000000086,48.50),
	('2018-01-01','2019-12-31',5201000000087,10.00),
    ('2020-01-01',NULL,5201000000087,10.50),
    ('2018-01-01',NULL,5201000000088,18.50),
	('2018-01-01',NULL,5201000000089,29.00),
    ('2018-01-01',NULL,5201000000090,28.00);


insert into Offers(Store_id ,Barcode ,Alley, Shelf)
	values(01,5201000000001,01,01),
    (01,5201000000002,01,02),
    (01,5201000000003,01,03),
    (01,5201000000004,01,04),
	(01,5201000000005,01,05),
    (01,5201000000006,01,06),
    (01,5201000000007,01,07),
    (01,5201000000008,01,08),
    (01,5201000000009,01,09),
    (01,5201000000010,01,10),
    (01,5201000000011,01,11),
    (01,5201000000012,01,12),
    (01,5201000000013,01,13),
    (01,5201000000014,01,14),
    (01,5201000000015,01,15),
	(01,5201000000016,02,01),
	(01,5201000000017,02,02),
    (01,5201000000018,02,03),
    (01,5201000000019,02,04),
    (01,5201000000020,02,05),
    (01,5201000000021,02,06),
	(01,5201000000022,02,07),
    (01,5201000000023,02,08), 
    (01,5201000000024,02,09),
	(01,5201000000025,02,10),
    (01,5201000000026,02,11),
    (01,5201000000027,02,12),
    (01,5201000000028,02,13),
	(01,5201000000029,02,14),
    (01,5201000000030,02,15),
	(01,5201000000031,03,01),
    (01,5201000000032,03,02),
    (01,5201000000033,03,03),
    (01,5201000000034,03,04),
    (01,5201000000035,03,05),
    (01,5201000000036,03,06),
	(01,5201000000037,03,07),
	(01,5201000000038,03,08),
    (01,5201000000039,03,09),
    (01,5201000000040,03,10),
    (01,5201000000041,03,11),
    (01,5201000000042,03,12),
	(01,5201000000043,03,13),
    (01,5201000000044,03,14), 
    (01,5201000000045,03,15),
	(01,5201000000046,04,01),
    (01,5201000000047,04,02),
    (01,5201000000048,04,03),
    (01,5201000000049,04,04),
    (01,5201000000050,04,05),
    (01,5201000000051,04,06),
	(01,5201000000052,04,07),
    (01,5201000000053,04,08), 
    (01,5201000000054,04,09),
	(01,5201000000055,04,10),
    (01,5201000000056,04,11),
    (01,5201000000057,04,12),
    (01,5201000000058,04,13),
	(01,5201000000059,04,14),
    (01,5201000000060,04,15),
    (01,5201000000061,05,01),
    (01,5201000000062,05,02),
	(01,5201000000063,05,03),
    (01,5201000000064,05,04), 
    (01,5201000000065,05,05),
	(01,5201000000066,05,06),
    (01,5201000000067,05,07),
    (01,5201000000068,05,08),
    (01,5201000000069,05,09),
    (01,5201000000070,05,10),
    (01,5201000000071,05,11),
	(01,5201000000072,05,12),
    (01,5201000000073,05,13), 
    (01,5201000000074,05,14),
	(01,5201000000075,05,15),
    (01,5201000000076,05,16),
    (01,5201000000077,05,17),
    (01,5201000000078,05,18),
	(01,5201000000079,05,19),
    (01,5201000000080,05,20),
    (01,5201000000081,06,01),
    (01,5201000000082,06,02),
    (01,5201000000083,06,03),
    (01,5201000000084,06,04),
	(01,5201000000085,06,05),
    (01,5201000000086,06,06),
    (01,5201000000087,06,07),
    (01,5201000000088,06,08),
    (01,5201000000089,06,09),
    (01,5201000000090,06,10),
    (02,5201000000001,02,01),
    (02,5201000000002,02,02),
    (02,5201000000003,02,03),
    (02,5201000000004,02,04),
	(02,5201000000005,02,05),
    (02,5201000000006,02,06),
    (02,5201000000007,02,07),
    (02,5201000000008,02,08),
    (02,5201000000009,02,09),
    (02,5201000000010,02,10),
    (02,5201000000011,02,11),
    (02,5201000000012,02,12),
    (02,5201000000013,02,13),
    (02,5201000000014,02,14),
    (02,5201000000015,02,15),
	(02,5201000000016,05,01),
	(02,5201000000017,05,02),
    (02,5201000000018,05,03),
    (02,5201000000019,05,04),
    (02,5201000000020,05,05),
    (02,5201000000021,05,06),
	(02,5201000000022,05,07),
    (02,5201000000023,05,08), 
    (02,5201000000024,05,09),
	(02,5201000000025,05,10),
    (02,5201000000026,05,11),
    (02,5201000000027,05,12),
    (02,5201000000028,05,13),
	(02,5201000000029,05,14),
    (02,5201000000030,05,15),
	(02,5201000000031,03,01),
    (02,5201000000032,03,02),
    (02,5201000000033,03,03),
    (02,5201000000034,03,04),
    (02,5201000000035,03,05),
    (02,5201000000036,03,06),
	(02,5201000000037,03,07),
	(02,5201000000038,03,08),
    (02,5201000000039,03,09),
    (02,5201000000040,03,10),
    (02,5201000000041,03,11),
    (02,5201000000042,03,12),
	(02,5201000000043,03,13),
    (02,5201000000044,03,14), 
    (02,5201000000045,03,15),
	(02,5201000000046,01,01),
    (02,5201000000047,01,02),
    (02,5201000000048,01,03),
    (02,5201000000049,01,04),
    (02,5201000000050,01,05),
    (02,5201000000051,01,06),
	(02,5201000000052,01,07),
    (02,5201000000053,01,08), 
    (02,5201000000054,01,09),
	(02,5201000000055,01,10),
    (02,5201000000056,01,11),
    (02,5201000000057,01,12),
    (02,5201000000058,01,13),
	(02,5201000000059,01,14),
    (02,5201000000060,01,15),
    (02,5201000000061,04,01),
    (02,5201000000062,04,02),
	(02,5201000000063,04,03),
    (02,5201000000064,04,04), 
    (02,5201000000065,04,05),
	(02,5201000000066,04,06),
    (02,5201000000067,04,07),
    (02,5201000000068,04,08),
    (02,5201000000069,04,09),
    (02,5201000000070,04,10),
    (02,5201000000071,04,11),
	(02,5201000000072,04,12),
    (02,5201000000073,04,13), 
    (02,5201000000074,04,14),
	(02,5201000000075,04,15),
    (02,5201000000076,04,16),
    (02,5201000000077,04,17),
    (02,5201000000078,04,18),
	(02,5201000000079,04,19),
    (02,5201000000080,04,20),
    (02,5201000000081,06,01),
    (02,5201000000082,06,02),
    (02,5201000000083,06,03),
    (02,5201000000084,06,04),
	(02,5201000000085,06,05),
    (02,5201000000086,06,06),
    (02,5201000000087,06,07),
    (02,5201000000088,06,08),
    (02,5201000000089,06,09),
    (02,5201000000090,06,10),
    (03,5201000000001,01,01),
    (03,5201000000002,01,02),
    (03,5201000000003,01,03),
    (03,5201000000004,01,04),
	(03,5201000000005,01,05),
    (03,5201000000006,01,06),
    (03,5201000000007,01,07),
    (03,5201000000008,01,08),
    (03,5201000000009,01,09),
    (03,5201000000010,01,10),
    (03,5201000000011,01,11),
    (03,5201000000012,01,12),
    (03,5201000000013,01,13),
    (03,5201000000014,01,14),
    (03,5201000000015,01,15),
	(03,5201000000016,03,01),
	(03,5201000000017,03,02),
    (03,5201000000018,03,03),
    (03,5201000000019,03,04),
    (03,5201000000020,03,05),
    (03,5201000000021,03,06),
	(03,5201000000022,03,07),
    (03,5201000000023,03,08), 
    (03,5201000000024,03,09),
	(03,5201000000025,03,10),
    (03,5201000000026,03,11),
    (03,5201000000027,03,12),
    (03,5201000000028,03,13),
	(03,5201000000029,03,14),
    (03,5201000000030,03,15),
	(03,5201000000031,02,01),
    (03,5201000000032,02,02),
    (03,5201000000033,02,03),
    (03,5201000000034,02,04),
    (03,5201000000035,02,05),
    (03,5201000000036,02,06),
	(03,5201000000037,02,07),
	(03,5201000000038,02,08),
    (03,5201000000039,02,09),
    (03,5201000000040,02,10),
    (03,5201000000041,02,11),
    (03,5201000000042,02,12),
	(03,5201000000043,02,13),
    (03,5201000000044,02,14), 
    (03,5201000000045,02,15),
	(03,5201000000046,04,01),
    (03,5201000000047,04,02),
    (03,5201000000048,04,03),
    (03,5201000000049,04,04),
    (03,5201000000050,04,05),
    (03,5201000000051,04,11),
	(03,5201000000052,04,12),
    (03,5201000000053,04,13), 
    (03,5201000000054,04,14),
	(03,5201000000055,04,15),
    (03,5201000000056,04,10),
    (03,5201000000057,04,09),
    (03,5201000000058,04,08),
	(03,5201000000059,04,07),
    (03,5201000000060,04,06),
    (03,5201000000061,05,11),
    (03,5201000000062,05,12),
	(03,5201000000063,05,13),
    (03,5201000000064,05,14), 
    (03,5201000000065,05,15),
	(03,5201000000066,05,16),
    (03,5201000000067,05,17),
    (03,5201000000068,05,18),
    (03,5201000000069,05,19),
    (03,5201000000070,05,20),
    (03,5201000000071,05,01),
	(03,5201000000072,05,02),
    (03,5201000000073,05,03), 
    (03,5201000000074,05,04),
	(03,5201000000075,05,05),
    (03,5201000000076,05,06),
    (03,5201000000077,05,07),
    (03,5201000000078,05,08),
	(03,5201000000079,05,09),
    (03,5201000000080,05,10),
    (03,5201000000081,06,01),
    (03,5201000000082,06,02),
    (03,5201000000083,06,03),
    (03,5201000000084,06,04),
	(03,5201000000085,06,07),
    (03,5201000000086,06,08),
    (03,5201000000087,06,05),
    (03,5201000000088,06,06),
    (03,5201000000089,06,09),
    (03,5201000000090,06,10),
    (04,5201000000001,06,01),
    (04,5201000000002,06,02),
    (04,5201000000003,06,03),
    (04,5201000000004,06,04),
	(04,5201000000005,06,05),
    (04,5201000000006,06,06),
    (04,5201000000007,06,07),
    (04,5201000000008,06,08),
    (04,5201000000009,06,09),
    (04,5201000000010,06,10),
    (04,5201000000011,06,11),
    (04,5201000000012,06,12),
    (04,5201000000013,06,13),
    (04,5201000000014,06,14),
    (04,5201000000015,06,15),
	(04,5201000000016,01,01),
	(04,5201000000017,01,02),
    (04,5201000000018,01,03),
    (04,5201000000019,01,04),
    (04,5201000000020,01,05),
    (04,5201000000021,01,06),
	(04,5201000000022,01,07),
    (04,5201000000023,01,08), 
    (04,5201000000024,01,09),
	(04,5201000000025,01,10),
    (04,5201000000026,01,11),
    (04,5201000000027,01,12),
    (04,5201000000028,01,13),
	(04,5201000000029,01,14),
    (04,5201000000030,01,15),
	(04,5201000000031,02,01),
    (04,5201000000032,02,02),
    (04,5201000000033,02,03),
    (04,5201000000034,02,04),
    (04,5201000000035,02,05),
    (04,5201000000036,02,06),
	(04,5201000000037,02,07),
	(04,5201000000038,02,08),
    (04,5201000000039,02,09),
    (04,5201000000040,02,10),
    (04,5201000000041,02,11),
    (04,5201000000042,02,12),
	(04,5201000000043,02,13),
    (04,5201000000044,02,14), 
    (04,5201000000045,02,15),
	(04,5201000000046,03,01),
    (04,5201000000047,03,02),
    (04,5201000000048,03,03),
    (04,5201000000049,03,04),
    (04,5201000000050,03,05),
    (04,5201000000051,03,06),
	(04,5201000000052,03,07),
    (04,5201000000053,03,08), 
    (04,5201000000054,03,09),
	(04,5201000000055,03,10),
    (04,5201000000056,03,11),
    (04,5201000000057,03,12),
    (04,5201000000058,03,13),
	(04,5201000000059,03,14),
    (04,5201000000060,03,15),
    (04,5201000000061,04,01),
    (04,5201000000062,04,02),
	(04,5201000000063,04,03),
    (04,5201000000064,04,04), 
    (04,5201000000065,04,05),
	(04,5201000000066,04,06),
    (04,5201000000067,04,07),
    (04,5201000000068,04,08),
    (04,5201000000069,04,09),
    (04,5201000000070,04,10),
    (04,5201000000071,04,11),
	(04,5201000000072,04,12),
    (04,5201000000073,04,13), 
    (04,5201000000074,04,14),
	(04,5201000000075,04,15),
    (04,5201000000076,04,16),
    (04,5201000000077,04,17),
    (04,5201000000078,04,18),
	(04,5201000000079,04,19),
    (04,5201000000080,04,20),
    (04,5201000000081,05,01),
    (04,5201000000082,05,02),
    (04,5201000000083,05,03),
    (04,5201000000084,05,04),
	(04,5201000000085,05,05),
    (04,5201000000086,05,06),
    (04,5201000000087,05,07),
    (04,5201000000088,05,08),
    (04,5201000000089,05,09),
    (04,5201000000090,05,10),
	(05,5201000000001,04,11),
    (05,5201000000002,04,12),
    (05,5201000000003,04,13),
    (05,5201000000004,04,14),
	(05,5201000000005,04,15),
    (05,5201000000006,04,06),
    (05,5201000000007,04,07),
    (05,5201000000008,04,08),
    (05,5201000000009,04,09),
    (05,5201000000010,04,10),
    (05,5201000000011,04,01),
    (05,5201000000012,04,02),
    (05,5201000000013,04,03),
    (05,5201000000014,04,04),
    (05,5201000000015,04,05),
	(05,5201000000016,05,01),
	(05,5201000000017,05,02),
    (05,5201000000018,05,03),
    (05,5201000000019,05,04),
    (05,5201000000020,05,05),
    (05,5201000000021,05,06),
	(05,5201000000022,05,07),
    (05,5201000000023,05,08), 
    (05,5201000000024,05,09),
	(05,5201000000025,05,11),
    (05,5201000000026,05,10),
    (05,5201000000027,05,13),
    (05,5201000000028,05,12),
	(05,5201000000029,05,15),
    (05,5201000000030,05,14),
	(05,5201000000031,06,01),
    (05,5201000000032,06,02),
    (05,5201000000033,06,03),
    (05,5201000000034,06,04),
    (05,5201000000035,06,05),
    (05,5201000000036,06,06),
	(05,5201000000037,06,07),
	(05,5201000000038,06,08),
    (05,5201000000039,06,09),
    (05,5201000000040,06,15),
    (05,5201000000041,06,13),
    (05,5201000000042,06,12),
	(05,5201000000043,06,11),
    (05,5201000000044,06,14), 
    (05,5201000000045,06,10),
	(05,5201000000046,02,01),
    (05,5201000000047,02,02),
    (05,5201000000048,02,03),
    (05,5201000000049,02,04),
    (05,5201000000050,02,05),
    (05,5201000000051,02,06),
	(05,5201000000052,02,07),
    (05,5201000000053,02,08), 
    (05,5201000000054,02,09),
	(05,5201000000055,02,10),
    (05,5201000000056,02,11),
    (05,5201000000057,02,12),
    (05,5201000000058,02,13),
	(05,5201000000059,02,14),
    (05,5201000000060,02,15),
    (05,5201000000061,03,01),
    (05,5201000000062,03,07),
	(05,5201000000063,03,08),
    (05,5201000000064,03,09), 
    (05,5201000000065,03,05),
	(05,5201000000066,03,06),
    (05,5201000000067,03,02),
    (05,5201000000068,03,03),
    (05,5201000000069,03,04),
    (05,5201000000070,03,10),
    (05,5201000000071,03,11),
	(05,5201000000072,03,12),
    (05,5201000000073,03,13), 
    (05,5201000000074,03,14),
	(05,5201000000075,03,15),
    (05,5201000000076,03,16),
    (05,5201000000077,03,17),
    (05,5201000000078,03,18),
	(05,5201000000079,03,19),
    (05,5201000000080,03,20),
    (05,5201000000081,01,08),
    (05,5201000000082,01,06),
    (05,5201000000083,01,03),
    (05,5201000000084,01,05),
	(05,5201000000085,01,04),
    (05,5201000000086,01,02),
    (05,5201000000087,01,07),
    (05,5201000000088,01,01),
    (05,5201000000089,01,09),
    (05,5201000000090,01,10),
    (06,5201000000001,04,01),
    (06,5201000000002,04,02),
    (06,5201000000003,04,03),
    (06,5201000000004,04,04),
	(06,5201000000005,04,05),
    (06,5201000000006,04,06),
    (06,5201000000007,04,07),
    (06,5201000000008,04,08),
    (06,5201000000009,04,09),
    (06,5201000000010,04,10),
    (06,5201000000011,04,11),
    (06,5201000000012,04,12),
    (06,5201000000013,04,13),
    (06,5201000000014,04,14),
    (06,5201000000015,04,15),
	(06,5201000000016,05,01),
	(06,5201000000017,05,02),
    (06,5201000000018,05,03),
    (06,5201000000019,05,04),
    (06,5201000000020,05,05),
    (06,5201000000021,05,06),
	(06,5201000000022,05,07),
    (06,5201000000023,05,08), 
    (06,5201000000024,05,09),
	(06,5201000000025,05,10),
    (06,5201000000026,05,11),
    (06,5201000000027,05,12),
    (06,5201000000028,05,13),
	(06,5201000000029,05,14),
    (06,5201000000030,05,15),
	(06,5201000000031,06,01),
    (06,5201000000032,06,02),
    (06,5201000000033,06,03),
    (06,5201000000034,06,04),
    (06,5201000000035,06,05),
    (06,5201000000036,06,06),
	(06,5201000000037,06,07),
	(06,5201000000038,06,08),
    (06,5201000000039,06,09),
    (06,5201000000040,06,10),
    (06,5201000000041,06,11),
    (06,5201000000042,06,12),
	(06,5201000000043,06,13),
    (06,5201000000044,06,14), 
    (06,5201000000045,06,15),
	(06,5201000000046,01,01),
    (06,5201000000047,01,02),
    (06,5201000000048,01,03),
    (06,5201000000049,01,04),
    (06,5201000000050,01,05),
    (06,5201000000051,01,06),
	(06,5201000000052,01,07),
    (06,5201000000053,01,08), 
    (06,5201000000054,01,09),
	(06,5201000000055,01,10),
    (06,5201000000056,01,11),
    (06,5201000000057,01,12),
    (06,5201000000058,01,13),
	(06,5201000000059,01,14),
    (06,5201000000060,01,15),
    (06,5201000000061,02,01),
    (06,5201000000062,02,02),
	(06,5201000000063,02,03),
    (06,5201000000064,02,04), 
    (06,5201000000065,02,05),
	(06,5201000000066,02,06),
    (06,5201000000067,02,07),
    (06,5201000000068,02,08),
    (06,5201000000069,02,09),
    (06,5201000000070,02,10),
    (06,5201000000071,02,11),
	(06,5201000000072,02,12),
    (06,5201000000073,02,13), 
    (06,5201000000074,02,14),
	(06,5201000000075,02,15),
    (06,5201000000076,02,16),
    (06,5201000000077,02,17),
    (06,5201000000078,02,18),
	(06,5201000000079,02,19),
    (06,5201000000080,02,20),
    (06,5201000000081,03,01),
    (06,5201000000082,03,02),
    (06,5201000000083,03,03),
    (06,5201000000084,03,04),
	(06,5201000000085,03,05),
    (06,5201000000086,03,06),
    (06,5201000000087,03,07),
    (06,5201000000088,03,08),
    (06,5201000000089,03,09),
    (06,5201000000090,03,10),
    (07,5201000000001,01,01),
    (07,5201000000002,01,02),
    (07,5201000000003,01,03),
    (07,5201000000004,01,04),
	(07,5201000000005,01,05),
    (07,5201000000006,01,06),
    (07,5201000000007,01,07),
    (07,5201000000008,01,08),
    (07,5201000000009,01,09),
    (07,5201000000010,01,10),
    (07,5201000000011,01,11),
    (07,5201000000012,01,12),
    (07,5201000000013,01,13),
    (07,5201000000014,01,14),
    (07,5201000000015,01,15),
	(07,5201000000016,02,01),
	(07,5201000000017,02,02),
    (07,5201000000018,02,03),
    (07,5201000000019,02,04),
    (07,5201000000020,02,05),
    (07,5201000000021,02,06),
	(07,5201000000022,02,07),
    (07,5201000000023,02,08), 
    (07,5201000000024,02,09),
	(07,5201000000025,02,10),
    (07,5201000000026,02,11),
    (07,5201000000027,02,12),
    (07,5201000000028,02,13),
	(07,5201000000029,02,14),
    (07,5201000000030,02,15),
	(07,5201000000031,03,01),
    (07,5201000000032,03,02),
    (07,5201000000033,03,03),
    (07,5201000000034,03,04),
    (07,5201000000035,03,05),
    (07,5201000000036,03,06),
	(07,5201000000037,03,07),
	(07,5201000000038,03,08),
    (07,5201000000039,03,09),
    (07,5201000000040,03,10),
    (07,5201000000041,03,11),
    (07,5201000000042,03,12),
	(07,5201000000043,03,13),
    (07,5201000000044,03,14), 
    (07,5201000000045,03,15),
	(07,5201000000046,04,01),
    (07,5201000000047,04,02),
    (07,5201000000048,04,03),
    (07,5201000000049,04,04),
    (07,5201000000050,04,05),
    (07,5201000000051,04,06),
	(07,5201000000052,04,07),
    (07,5201000000053,04,08), 
    (07,5201000000054,04,09),
	(07,5201000000055,04,10),
    (07,5201000000056,04,11),
    (07,5201000000057,04,12),
    (07,5201000000058,04,13),
	(07,5201000000059,04,14),
    (07,5201000000060,04,15),
    (07,5201000000061,05,01),
    (07,5201000000062,05,02),
	(07,5201000000063,05,03),
    (07,5201000000064,05,04), 
    (07,5201000000065,05,05),
	(07,5201000000066,05,06),
    (07,5201000000067,05,07),
    (07,5201000000068,05,08),
    (07,5201000000069,05,09),
    (07,5201000000070,05,10),
    (07,5201000000071,05,11),
	(07,5201000000072,05,12),
    (07,5201000000073,05,13), 
    (07,5201000000074,05,14),
	(07,5201000000075,05,15),
    (07,5201000000076,05,16),
    (07,5201000000077,05,17),
    (07,5201000000078,05,18),
	(07,5201000000079,05,19),
    (07,5201000000080,05,20),
    (07,5201000000081,06,01),
    (07,5201000000082,06,02),
    (07,5201000000083,06,03),
    (07,5201000000084,06,04),
	(07,5201000000085,06,05),
    (07,5201000000086,06,06),
    (07,5201000000087,06,07),
    (07,5201000000088,06,08),
    (07,5201000000089,06,09),
    (07,5201000000090,06,10),
    (08,5201000000001,03,01),
    (08,5201000000002,03,02),
    (08,5201000000003,03,03),
    (08,5201000000004,03,04),
	(08,5201000000005,03,05),
    (08,5201000000006,03,06),
    (08,5201000000007,03,07),
    (08,5201000000008,03,08),
    (08,5201000000009,03,09),
    (08,5201000000010,03,10),
    (08,5201000000011,03,11),
    (08,5201000000012,03,12),
    (08,5201000000013,03,13),
    (08,5201000000014,03,14),
    (08,5201000000015,03,15),
	(08,5201000000016,05,11),
	(08,5201000000017,05,12),
    (08,5201000000018,05,13),
    (08,5201000000019,05,14),
    (08,5201000000020,05,15),
    (08,5201000000021,05,06),
	(08,5201000000022,05,07),
    (08,5201000000023,05,08), 
    (08,5201000000024,05,09),
	(08,5201000000025,05,10),
    (08,5201000000026,05,01),
    (08,5201000000027,05,02),
    (08,5201000000028,05,03),
	(08,5201000000029,05,04),
    (08,5201000000030,05,05),
	(08,5201000000031,02,01),
    (08,5201000000032,02,02),
    (08,5201000000033,02,03),
    (08,5201000000034,02,04),
    (08,5201000000035,02,05),
    (08,5201000000036,02,06),
	(08,5201000000037,02,07),
	(08,5201000000038,02,08),
    (08,5201000000039,02,09),
    (08,5201000000040,02,10),
    (08,5201000000041,02,11),
    (08,5201000000042,02,12),
	(08,5201000000043,02,13),
    (08,5201000000044,02,14), 
    (08,5201000000045,01,15),
	(08,5201000000046,01,01),
    (08,5201000000047,01,02),
    (08,5201000000048,01,03),
    (08,5201000000049,01,04),
    (08,5201000000050,01,05),
    (08,5201000000051,01,06),
	(08,5201000000052,01,07),
    (08,5201000000053,01,08), 
    (08,5201000000054,01,09),
	(08,5201000000055,01,10),
    (08,5201000000056,01,11),
    (08,5201000000057,01,12),
    (08,5201000000058,01,13),
	(08,5201000000059,01,14),
    (08,5201000000060,01,15),
    (08,5201000000061,06,11),
    (08,5201000000062,06,12),
	(08,5201000000063,06,13),
    (08,5201000000064,06,14), 
    (08,5201000000065,06,15),
	(08,5201000000066,06,16),
    (08,5201000000067,06,17),
    (08,5201000000068,06,18),
    (08,5201000000069,06,19),
    (08,5201000000070,06,10),
    (08,5201000000071,06,01),
	(08,5201000000072,06,20),
    (08,5201000000073,06,03), 
    (08,5201000000074,06,04),
	(08,5201000000075,06,05),
    (08,5201000000076,06,06),
    (08,5201000000077,06,07),
    (08,5201000000078,06,08),
	(08,5201000000079,06,09),
    (08,5201000000080,06,02),
    (08,5201000000081,04,01),
    (08,5201000000082,04,02),
    (08,5201000000083,04,03),
    (08,5201000000084,04,04),
	(08,5201000000085,04,05),
    (08,5201000000086,04,06),
    (08,5201000000087,04,07),
    (08,5201000000088,04,08),
    (08,5201000000089,04,09),
    (08,5201000000090,04,10),
    (09,5201000000001,05,01),
    (09,5201000000002,05,02),
    (09,5201000000003,05,03),
    (09,5201000000004,05,04),
	(09,5201000000005,05,05),
    (09,5201000000006,05,06),
    (09,5201000000007,05,07),
    (09,5201000000008,05,08),
    (09,5201000000009,05,09),
    (09,5201000000010,05,10),
    (09,5201000000011,05,11),
    (09,5201000000012,05,12),
    (09,5201000000013,05,13),
    (09,5201000000014,05,14),
    (09,5201000000015,05,15),
	(09,5201000000016,04,01),
	(09,5201000000017,04,02),
    (09,5201000000018,04,03),
    (09,5201000000019,04,04),
    (09,5201000000020,04,05),
    (09,5201000000021,04,06),
	(09,5201000000022,04,07),
    (09,5201000000023,04,08), 
    (09,5201000000024,04,09),
	(09,5201000000025,04,10),
    (09,5201000000026,04,11),
    (09,5201000000027,04,12),
    (09,5201000000028,04,13),
	(09,5201000000029,04,14),
    (09,5201000000030,04,15),
	(09,5201000000031,02,01),
    (09,5201000000032,02,02),
    (09,5201000000033,02,03),
    (09,5201000000034,02,04),
    (09,5201000000035,02,05),
    (09,5201000000036,02,06),
	(09,5201000000037,02,07),
	(09,5201000000038,02,08),
    (09,5201000000039,02,09),
    (09,5201000000040,02,10),
    (09,5201000000041,02,11),
    (09,5201000000042,02,12),
	(09,5201000000043,02,13),
    (09,5201000000044,02,14), 
    (09,5201000000045,02,15),
	(09,5201000000046,01,01),
    (09,5201000000047,01,02),
    (09,5201000000048,01,03),
    (09,5201000000049,01,04),
    (09,5201000000050,01,05),
    (09,5201000000051,01,11),
	(09,5201000000052,01,12),
    (09,5201000000053,01,13), 
    (09,5201000000054,01,14),
	(09,5201000000055,01,15),
    (09,5201000000056,01,10),
    (09,5201000000057,01,09),
    (09,5201000000058,01,08),
	(09,5201000000059,01,07),
    (09,5201000000060,01,06),
    (09,5201000000061,06,11),
    (09,5201000000062,06,12),
	(09,5201000000063,06,13),
    (09,5201000000064,06,14), 
    (09,5201000000065,06,15),
	(09,5201000000066,06,16),
    (09,5201000000067,06,17),
    (09,5201000000068,06,18),
    (09,5201000000069,06,19),
    (09,5201000000070,06,20),
    (09,5201000000071,06,01),
	(09,5201000000072,06,02),
    (09,5201000000073,06,03), 
    (09,5201000000074,06,04),
	(09,5201000000075,06,05),
    (09,5201000000076,06,06),
    (09,5201000000077,06,07),
    (09,5201000000078,06,08),
	(09,5201000000079,06,09),
    (09,5201000000080,06,10),
    (09,5201000000081,03,01),
    (09,5201000000082,03,02),
    (09,5201000000083,03,03),
    (09,5201000000084,03,04),
	(09,5201000000085,03,07),
    (09,5201000000086,03,08),
    (09,5201000000087,03,05),
    (09,5201000000088,03,06),
    (09,5201000000089,03,09),
    (09,5201000000090,03,10),
    (10,5201000000001,03,03),
    (10,5201000000002,03,05),
    (10,5201000000003,03,01),
    (10,5201000000004,03,14),
	(10,5201000000005,03,02),
    (10,5201000000006,03,06),
    (10,5201000000007,03,08),
    (10,5201000000008,03,07),
    (10,5201000000009,03,13),
    (10,5201000000010,03,10),
    (10,5201000000011,03,11),
    (10,5201000000012,03,12),
    (10,5201000000013,03,09),
    (10,5201000000014,03,04),
    (10,5201000000015,03,15),
	(10,5201000000016,01,11),
	(10,5201000000017,01,02),
    (10,5201000000018,01,13),
    (10,5201000000019,01,07),
    (10,5201000000020,01,05),
    (10,5201000000021,01,06),
	(10,5201000000022,01,04),
    (10,5201000000023,01,08), 
    (10,5201000000024,01,09),
	(10,5201000000025,01,12),
    (10,5201000000026,01,01),
    (10,5201000000027,01,10),
    (10,5201000000028,01,03),
	(10,5201000000029,01,14),
    (10,5201000000030,01,15),
	(10,5201000000031,02,01),
    (10,5201000000032,02,02),
    (10,5201000000033,02,03),
    (10,5201000000034,02,04),
    (10,5201000000035,02,05),
    (10,5201000000036,02,06),
	(10,5201000000037,02,07),
	(10,5201000000038,02,08),
    (10,5201000000039,02,09),
    (10,5201000000040,02,10),
    (10,5201000000041,02,11),
    (10,5201000000042,02,12),
	(10,5201000000043,02,13),
    (10,5201000000044,02,14), 
    (10,5201000000045,02,15),
	(10,5201000000046,03,09),
    (10,5201000000047,03,08),
    (10,5201000000048,03,07),
    (10,5201000000049,03,06),
    (10,5201000000050,03,05),
    (10,5201000000051,03,01),
	(10,5201000000052,03,02),
    (10,5201000000053,03,03), 
    (10,5201000000054,03,04),
	(10,5201000000055,03,10),
    (10,5201000000056,03,11),
    (10,5201000000057,03,12),
    (10,5201000000058,03,13),
	(10,5201000000059,03,14),
    (10,5201000000060,03,15),
    (10,5201000000061,04,07),
    (10,5201000000062,04,02),
	(10,5201000000063,04,03),
    (10,5201000000064,04,04), 
    (10,5201000000065,04,06),
	(10,5201000000066,04,16),
    (10,5201000000067,04,01),
    (10,5201000000068,04,08),
    (10,5201000000069,04,09),
    (10,5201000000070,04,10),
    (10,5201000000071,04,11),
	(10,5201000000072,04,12),
    (10,5201000000073,04,17), 
    (10,5201000000074,04,14),
	(10,5201000000075,04,15),
    (10,5201000000076,04,05),
    (10,5201000000077,04,13),
    (10,5201000000078,04,18),
	(10,5201000000079,04,20),
    (10,5201000000080,04,19),
    (10,5201000000081,05,06),
    (10,5201000000082,05,02),
    (10,5201000000083,05,08),
    (10,5201000000084,05,03),
	(10,5201000000085,05,01),
    (10,5201000000086,05,09),
    (10,5201000000087,05,05),
    (10,5201000000088,05,10),
    (10,5201000000089,05,04),
    (10,5201000000090,05,07);
    

insert into Transactions(Card_number,Payment_method,Total_amount,Date_time)
	values(11802,'cash', 225.00,'2019-11-04 15:50:30'),
(10904,'card', 177.00,'2019-08-22 14:52:41'),
(11006,'card', 093.00,'2018-05-13 19:11:50'),
(12908,'card', 096.50,'2019-03-18 10:45:06'),
(12802,'cash', 021.00,'2020-02-09 18:54:27'),
(10701,'card', 050.50,'2020-05-22 11:36:32'),
(11305,'card', 048.00,'2018-08-26 20:02:01'),
(11803,'card', 038.50,'2019-01-01 17:05:22'),
(10208,'cash', 123.50,'2018-05-19 12:15:19'),
(11305,'card', 032.50,'2019-11-22 20:05:37'),
(13001,'card', 135.00,'2020-04-11 10:56:59'),
(11701,'card', 041.00,'2018-01-07 12:26:31'),
(12404,'card', 159.50,'2020-06-04 20:04:28'),
(11606,'card', 062.50,'2019-06-15 20:02:15'),
(11502,'cash', 197.00,'2020-05-04 15:09:54'),
(11204,'card', 067.50,'2019-05-30 13:31:36'),
(11102,'cash', 069.00,'2019-05-24 12:24:58'),
(11006,'cash', 061.50,'2018-03-17 20:12:58'),
(11204,'cash', 044.50,'2020-03-31 20:55:03'),
(10306,'cash', 086.50,'2019-04-14 16:38:56'),
(12208,'card', 123.00,'2019-02-15 19:56:16'),
(12701,'card', 167.00,'2020-02-01 20:46:21'),
(10507,'card', 022.00,'2018-04-28 20:54:30'),
(11802,'card', 283.50,'2019-07-17 20:56:39'),
(11605,'card', 166.00,'2020-05-21 12:51:45'),
(11903,'card', 097.00,'2019-10-04 17:03:20'),
(12310,'card', 176.00,'2018-03-11 10:00:44'),
(11606,'cash', 078.50,'2019-08-30 18:12:27'),
(11701,'cash', 183.00,'2019-11-07 19:07:34'),
(12405,'cash', 120.50,'2018-02-03 18:10:52'),
(10810,'card', 027.50,'2020-01-21 11:13:14'),
(10810,'card', 772.00,'2018-05-12 15:22:29'),
(12405,'cash', 011.00,'2020-06-04 17:09:01'),
(10208,'cash', 117.00,'2020-04-27 18:11:57'),
(10304,'cash', 061.00,'2018-09-30 12:29:47'),
(10510,'cash', 105.00,'2019-07-19 15:19:48'),
(10405,'card', 153.50,'2020-04-24 13:57:31'),
(12703,'card', 123.50,'2019-01-30 16:49:03'),
(11605,'cash', 027.50,'2018-06-19 18:06:42'),
(11803,'cash', 070.50,'2019-10-18 18:09:11'),
(12802,'card', 071.00,'2020-04-13 20:37:11'),
(11606,'card', 023.50,'2019-08-26 19:06:49'),
(10208,'cash', 086.00,'2019-04-30 20:47:47'),
(13002,'card', 098.00,'2018-03-15 20:29:34'),
(12404,'card', 045.50,'2019-01-19 14:48:08'),
(12310,'card', 205.50,'2018-09-09 12:46:12'),
(11205,'cash', 047.00,'2020-03-04 17:38:44'),
(11903,'card', 189.50,'2019-08-15 20:16:04'),
(10702,'card', 119.50,'2020-01-08 17:11:23'),
(11605,'card', 059.00,'2019-07-01 13:54:30'),
(10305,'cash', 025.50,'2019-08-08 19:42:44'),
(11006,'card', 078.00,'2018-10-01 18:49:37'),
(11101,'cash', 145.00,'2020-06-03 19:11:01'),
(11606,'card', 010.00,'2019-08-06 09:27:44'),
(10809,'card', 161.50,'2018-02-28 10:53:16'),
(11103,'cash', 047.00,'2018-01-02 11:29:13'),
(12310,'cash', 128.00,'2020-01-01 10:07:44'),
(12907,'card', 153.50,'2018-11-30 09:39:29'),
(12004,'card', 084.50,'2018-08-07 14:13:38'),
(12405,'card', 099.00,'2020-05-30 10:03:39'),
(11205,'card', 045.00,'2020-01-30 20:14:42'),
(10508,'cash', 098.00,'2020-04-25 20:28:08'),
(10304,'card', 003.00,'2018-09-05 09:40:46'),
(11802,'card', 063.00,'2019-10-20 15:00:07'),
(11006,'cash', 309.00,'2019-01-14 11:09:42'),
(10906,'card', 190.00,'2018-02-16 20:51:03'),
(11006,'card', 041.00,'2020-01-06 15:41:07'),
(12607,'card', 093.50,'2018-01-17 14:33:53'),
(10904,'card', 030.00,'2020-04-15 09:45:32'),
(12210,'card', 223.00,'2018-09-17 17:01:21'),
(12404,'cash', 141.00,'2019-01-12 10:31:07'),
(12802,'cash', 102.50,'2020-01-26 12:19:08'),
(11403,'card', 051.50,'2019-07-10 10:48:46'),
(12004,'cash', 176.00,'2018-09-30 13:51:47'),
(12503,'cash', 268.50,'2018-01-27 11:14:50'),
(12608,'card', 117.50,'2020-02-04 12:24:28'),
(10208,'card', 102.00,'2020-04-26 20:16:36'),
(12109,'card', 197.00,'2018-11-28 16:20:47'),
(13001,'cash', 156.50,'2020-01-18 12:49:25'),
(11606,'cash', 057.50,'2018-07-24 13:34:16'),
(10105,'cash', 154.50,'2018-08-05 11:34:13'),
(10701,'card', 030.00,'2019-10-06 10:03:24'),
(12701,'card', 150.50,'2019-01-05 19:22:54'),
(12310,'card', 026.00,'2019-10-21 18:48:00'),
(12703,'card', 237.00,'2020-04-13 13:19:54'),
(12310,'cash', 123.50,'2019-07-07 19:07:48'),
(12404,'cash', 010.50,'2020-01-08 19:30:29'),
(11702,'card', 191.00,'2020-02-17 12:27:33'),
(10305,'card', 092.00,'2020-05-31 12:57:57'),
(12405,'card', 097.00,'2018-08-25 13:40:26'),
(12909,'card', 190.50,'2019-08-24 15:42:37'),
(11403,'cash', 087.50,'2019-08-03 16:31:28'),
(10306,'cash', 080.00,'2019-01-31 20:04:42'),
(10906,'card', 085.50,'2019-08-17 12:53:49'),
(12607,'card', 361.50,'2018-04-14 17:00:08'),
(12208,'card', 149.50,'2019-08-11 20:52:46'),
(10106,'cash', 208.50,'2019-03-10 15:55:19'),
(12701,'card', 090.00,'2019-07-01 10:51:53'),
(10208,'cash', 004.50,'2019-04-02 18:31:12'),
(10105,'cash', 025.00,'2018-10-12 12:25:14'),
(10809,'card', 011.00,'2018-03-19 19:43:27'),
(10507,'card', 043.00,'2020-03-16 18:19:03'),
(11102,'card', 190.50,'2018-11-30 19:49:38'),
(12210,'cash', 063.00,'2019-04-05 17:49:11'),
(12107,'card', 045.00,'2019-02-14 20:06:14'),
(11101,'card', 186.50,'2018-04-13 18:07:32'),
(10510,'card', 091.00,'2019-02-18 18:20:19'),
(11401,'card', 004.00,'2019-01-03 20:54:20'),
(12310,'cash', 025.00,'2019-09-02 16:08:04'),
(11402,'card', 200.00,'2020-06-03 14:40:51'),
(10208,'card', 082.00,'2020-05-24 10:41:01'),
(12503,'cash', 037.50,'2020-03-05 15:48:42'),
(10006,'cash', 229.50,'2019-03-20 17:36:22'),
(12502,'cash', 004.50,'2019-02-09 16:31:21'),
(11502,'card', 184.50,'2020-02-26 10:55:09'),
(11204,'card', 147.50,'2018-06-25 17:30:12'),
(11702,'card', 283.00,'2018-08-16 18:24:42'),
(12607,'cash', 044.00,'2020-05-18 12:34:18'),
(11204,'cash', 080.00,'2018-06-16 17:55:53'),
(10004,'cash', 152.50,'2018-01-29 10:14:28'),
(12502,'cash', 100.00,'2018-04-25 17:27:57'),
(10606,'card', 141.50,'2019-01-28 17:32:29'),
(10810,'card', 094.00,'2019-09-26 20:55:08'),
(10809,'cash', 069.00,'2020-03-25 10:16:59'),
(13002,'cash', 252.50,'2018-04-21 13:28:56'),
(11502,'card', 060.50,'2019-09-09 15:19:55'),
(10004,'card', 117.00,'2019-08-27 16:30:58'),
(12004,'cash', 192.50,'2019-04-15 10:21:50'),
(12501,'cash', 145.50,'2018-01-31 12:41:33'),
(12701,'cash', 079.00,'2019-08-03 18:43:19'),
(11102,'card', 109.00,'2020-01-09 20:06:19'),
(12503,'cash', 095.00,'2019-01-23 12:53:09'),
(12701,'cash', 028.00,'2018-06-30 12:48:13'),
(10604,'cash', 086.50,'2020-01-30 20:00:15'),
(11305,'cash', 068.50,'2019-03-23 18:10:08'),
(12503,'cash', 008.50,'2019-09-26 20:08:19'),
(11204,'cash', 057.00,'2020-02-11 20:18:03'),
(10306,'cash', 078.50,'2018-01-28 10:17:33'),
(11101,'cash', 019.00,'2020-02-23 11:27:22'),
(10004,'cash', 001.50,'2019-03-30 10:15:35'),
(10508,'card', 094.50,'2018-10-05 10:18:04'),
(10304,'card', 077.50,'2020-01-30 14:01:12'),
(12109,'card', 074.50,'2018-11-12 15:49:12'),
(12503,'card', 046.00,'2020-01-09 10:49:52'),
(10208,'card', 174.50,'2019-09-23 14:20:56'),
(12501,'card', 169.50,'2019-10-10 19:15:05'),
(12802,'card', 179.00,'2018-09-07 15:08:12'),
(10904,'cash', 224.00,'2019-03-18 12:18:31'),
(10702,'cash', 047.00,'2018-04-16 12:40:19'),
(11305,'cash', 129.00,'2019-11-24 19:57:18'),
(10510,'card', 109.50,'2018-01-07 17:09:17');

insert into Contains(Pieces,Barcode,Date_time,Card_number)
	values(10,5201000000001,'2019-11-04 15:50:30',11802),
    (2,5201000000002,'2019-11-04 15:50:30',11802),
    (3,5201000000003,'2019-11-04 15:50:30',11802),
    (2,5201000000004,'2019-11-04 15:50:30',11802),
    (2,5201000000008,'2019-11-04 15:50:30',11802),
    (1,5201000000022,'2019-11-04 15:50:30',11802),
    (3,5201000000016,'2019-11-04 15:50:30',11802),
    (9,5201000000031,'2019-11-04 15:50:30',11802),
    (2,5201000000046,'2019-11-04 15:50:30',11802),
    (2,5201000000061,'2019-11-04 15:50:30',11802),
    (10,5201000000002,'2019-08-22 14:52:41',10904),
    (5,5201000000005,'2019-08-22 14:52:41',10904),
	(2,5201000000006,'2019-08-22 14:52:41',10904),
	(1,5201000000007,'2019-08-22 14:52:41',10904),
	(2,5201000000017,'2019-08-22 14:52:41',10904),
    (3,5201000000032,'2019-08-22 14:52:41',10904),
    (1,5201000000047,'2019-08-22 14:52:41',10904),
    (1,5201000000042,'2019-08-22 14:52:41',10904),
    (2,5201000000003,'2018-05-13 19:11:50',11006),
    (6,5201000000018,'2018-05-13 19:11:50',11006),
    (2,5201000000033,'2018-05-13 19:11:50',11006),
    (1,5201000000048,'2018-05-13 19:11:50',11006),
    (1,5201000000037,'2018-05-13 19:11:50',11006),
    (2,5201000000004,'2019-03-18 10:45:06',12908),
    (1,5201000000009,'2019-03-18 10:45:06',12908),
    (3,5201000000010,'2019-03-18 10:45:06',12908),
    (1,5201000000019,'2019-03-18 10:45:06',12908),
    (1,5201000000034,'2019-03-18 10:45:06',12908),
    (2,5201000000049,'2019-03-18 10:45:06',12908),
    (1,5201000000063,'2019-03-18 10:45:06',12908),
    (1,5201000000087,'2019-03-18 10:45:06',12908),
    (1,5201000000013,'2019-03-18 10:45:06',12908),
    (1,5201000000001,'2020-02-09 18:54:27',12802),
    (1,5201000000004,'2020-02-09 18:54:27',12802),
    (1,5201000000005,'2020-02-09 18:54:27',12802),
    (1,5201000000010,'2020-02-09 18:54:27',12802),
    (1,5201000000060,'2020-02-09 18:54:27',12802),
    (2,5201000000019,'2020-05-22 11:36:32',10701),
    (1,5201000000034,'2020-05-22 11:36:32',10701),
    (2,5201000000049,'2020-05-22 11:36:32',10701),
    (1,5201000000060,'2020-05-22 11:36:32',10701),
    (1,5201000000020,'2018-08-26 20:02:01',11305),
    (1,5201000000035,'2018-08-26 20:02:01',11305),
    (1,5201000000050,'2018-08-26 20:02:01',11305),
    (1,5201000000065,'2018-08-26 20:02:01',11305),
    (3,5201000000012,'2019-01-01 17:05:22',11803),
    (1,5201000000021,'2019-01-01 17:05:22',11803),
    (1,5201000000046,'2019-01-01 17:05:22',11803),
    (1,5201000000042,'2019-01-01 17:05:22',11803),
    (2,5201000000036,'2018-05-19 12:15:19',10208),
    (2,5201000000051,'2018-05-19 12:15:19',10208),
    (1,5201000000066,'2018-05-19 12:15:19',10208),
    (1,5201000000009,'2018-05-19 12:15:19',10208),
	(1,5201000000007,'2019-11-22 20:05:37',11305),
    (1,5201000000022,'2019-11-22 20:05:37',11305),
    (1,5201000000057,'2019-11-22 20:05:37',11305),
    (2,5201000000008,'2020-04-11 10:56:59',13001),
    (2,5201000000023,'2020-04-11 10:56:59',13001),
    (2,5201000000038,'2020-04-11 10:56:59',13001),
    (1,5201000000064,'2018-01-07 12:26:31',11701),
	(1,5201000000006,'2018-01-07 12:26:31',11701),
    (2,5201000000062,'2020-06-04 20:04:28',12404),
    (1,5201000000083,'2020-06-04 20:04:28',12404),
    (1,5201000000076,'2020-06-04 20:04:28',12404),
    (1,5201000000039,'2020-06-04 20:04:28',12404),
    (1,5201000000064,'2019-06-15 20:02:15',11606),
    (1,5201000000077,'2019-06-15 20:02:15',11606),
    (1,5201000000076,'2019-06-15 20:02:15',11606),
    (1,5201000000078,'2020-05-04 15:09:54',11502),
    (2,5201000000064,'2020-05-04 15:09:54',11502),
    (1,5201000000068,'2020-05-04 15:09:54',11502),
    (2,5201000000060,'2020-05-04 15:09:54',11502),
    (2,5201000000009,'2019-05-30 13:31:36',11204),
    (3,5201000000024,'2019-05-30 13:31:36',11204),
    (1,5201000000054,'2019-05-30 13:31:36',11204),
    (4,5201000000069,'2019-05-24 12:24:58',11102),
    (3,5201000000079,'2019-05-24 12:24:58',11102),
    (4,5201000000080,'2019-05-24 12:24:58',11102),
    (1,5201000000001,'2019-05-24 12:24:58',11102),
    (1,5201000000002,'2019-05-24 12:24:58',11102),
    (1,5201000000067,'2018-03-17 20:12:58',11006),
    (1,5201000000029,'2018-03-17 20:12:58',11006),
    (2,5201000000052,'2020-03-31 20:55:03',11204),
    (4,5201000000053,'2020-03-31 20:55:03',11204),
    (1,5201000000060,'2020-03-31 20:55:03',11204),
    (1,5201000000081,'2019-04-14 16:38:56',10306),
    (1,5201000000083,'2019-04-14 16:38:56',10306),
    (1,5201000000088,'2019-04-14 16:38:56',10306),
    (1,5201000000071,'2019-04-14 16:38:56',10306),
    (4,5201000000025,'2019-02-15 19:56:16',12208),
    (8,5201000000040,'2019-02-15 19:56:16',12208),
    (1,5201000000055,'2019-02-15 19:56:16',12208),
    (1,5201000000070,'2019-02-15 19:56:16',12208),
    (1,5201000000069,'2019-02-15 19:56:16',12208),
    (2,5201000000041,'2019-02-15 19:56:16',12208),
    (10,5201000000011,'2020-02-01 20:46:21',12701),
    (9,5201000000012,'2020-02-01 20:46:21',12701),
    (5,5201000000013,'2020-02-01 20:46:21',12701),
    (4,5201000000014,'2020-02-01 20:46:21',12701),
    (8,5201000000015,'2020-02-01 20:46:21',12701),
    (1,5201000000017,'2020-02-01 20:46:21',12701),
    (3,5201000000030,'2020-02-01 20:46:21',12701),
    (2,5201000000027,'2020-02-01 20:46:21',12701),
	(1,5201000000023,'2018-04-28 20:54:30',10507),
    (1,5201000000027,'2018-04-28 20:54:30',10507),
    (1,5201000000086,'2019-07-17 20:56:39',11802),
    (2,5201000000087,'2019-07-17 20:56:39',11802),
    (1,5201000000089,'2019-07-17 20:56:39',11802),
    (2,5201000000090,'2019-07-17 20:56:39',11802),
    (2,5201000000088,'2019-07-17 20:56:39',11802),
	(1,5201000000081,'2019-07-17 20:56:39',11802),
    (2,5201000000084,'2019-07-17 20:56:39',11802),
    (1,5201000000026,'2019-07-17 20:56:39',11802),
    (5,5201000000011,'2020-05-21 12:51:45',11605),
    (2,5201000000012,'2020-05-21 12:51:45',11605),
	(3,5201000000013,'2020-05-21 12:51:45',11605),
	(3,5201000000014,'2020-05-21 12:51:45',11605),
    (5,5201000000015,'2020-05-21 12:51:45',11605),
    (4,5201000000016,'2020-05-21 12:51:45',11605),
    (2,5201000000018,'2020-05-21 12:51:45',11605),
    (2,5201000000043,'2020-05-21 12:51:45',11605),
    (3,5201000000044,'2020-05-21 12:51:45',11605),
    (3,5201000000045,'2020-05-21 12:51:45',11605),
    (3,5201000000046,'2020-05-21 12:51:45',11605),
    (2,5201000000042,'2020-05-21 12:51:45',11605),
    (2,5201000000060,'2020-05-21 12:51:45',11605),
    (1,5201000000072,'2019-10-04 17:03:20',11903),
    (6,5201000000031,'2019-10-04 17:03:20',11903),
    (1,5201000000035,'2019-10-04 17:03:20',11903),
    (1,5201000000074,'2019-10-04 17:03:20',11903),
    (1,5201000000075,'2019-10-04 17:03:20',11903),
    (2,5201000000038,'2018-03-11 10:00:44',12310),
	(2,5201000000011,'2018-03-11 10:00:44',12310),
    (1,5201000000078,'2018-03-11 10:00:44',12310),
    (2,5201000000017,'2019-08-30 18:12:27',11606),
    (4,5201000000018,'2019-08-30 18:12:27',11606),
    (2,5201000000019,'2019-08-30 18:12:27',11606),
    (1,5201000000021,'2019-08-30 18:12:27',11606),
    (1,5201000000023,'2019-08-30 18:12:27',11606),
    (1,5201000000048,'2019-11-07 19:07:34',11701),
    (2,5201000000053,'2019-11-07 19:07:34',11701),
    (2,5201000000052,'2019-11-07 19:07:34',11701),
    (1,5201000000057,'2019-11-07 19:07:34',11701),
    (1,5201000000061,'2018-02-03 18:10:52',12405),
    (1,5201000000028,'2018-02-03 18:10:52',12405),
    (1,5201000000053,'2018-02-03 18:10:52',12405),
    (1,5201000000054,'2018-02-03 18:10:52',12405),
    (1,5201000000058,'2018-02-03 18:10:52',12405),
    (1,5201000000056,'2020-01-21 11:13:14',10810),
    (1,5201000000076,'2020-01-21 11:13:14',10810),
    (4,5201000000078,'2018-05-12 15:22:29',10810),
    (2,5201000000075,'2018-05-12 15:22:29',10810),
    (4,5201000000074,'2018-05-12 15:22:29',10810),
    (2,5201000000070,'2018-05-12 15:22:29',10810),
    (2,5201000000068,'2018-05-12 15:22:29',10810),
    (1,5201000000067,'2018-05-12 15:22:29',10810),
    (1,5201000000040,'2018-05-12 15:22:29',10810),
    (2,5201000000041,'2018-05-12 15:22:29',10810),
    (1,5201000000016,'2020-06-04 17:09:01',12405),
    (1,5201000000017,'2020-06-04 17:09:01',12405),
    (1,5201000000018,'2020-04-27 18:11:57',10208),
    (1,5201000000021,'2020-04-27 18:11:57',10208),
    (2,5201000000060,'2020-04-27 18:11:57',10208),
    (1,5201000000078,'2020-04-27 18:11:57',10208),
    (5,5201000000001,'2018-09-30 12:29:47',10304),
    (4,5201000000003,'2018-09-30 12:29:47',10304),
    (2,5201000000004,'2018-09-30 12:29:47',10304),
    (1,5201000000005,'2018-09-30 12:29:47',10304),
    (1,5201000000006,'2018-09-30 12:29:47',10304),
    (3,5201000000059,'2019-07-19 15:19:48',10510),
    (4,5201000000060,'2019-07-19 15:19:48',10510),
    (4,5201000000080,'2019-07-19 15:19:48',10510),
    (1,5201000000068,'2019-07-19 15:19:48',10510),
    (2,5201000000057,'2019-07-19 15:19:48',10510),
    (1,5201000000061,'2020-04-24 13:57:31',10405),
    (1,5201000000028,'2020-04-24 13:57:31',10405),
    (1,5201000000053,'2020-04-24 13:57:31',10405),
    (1,5201000000054,'2020-04-24 13:57:31',10405),
    (1,5201000000058,'2020-04-24 13:57:31',10405),
    (1,5201000000081,'2020-04-24 13:57:31',10405),
    (2,5201000000085,'2019-01-30 16:49:03',12703),
    (1,5201000000086,'2019-01-30 16:49:03',12703),
    (1,5201000000043,'2019-01-30 16:49:03',12703),
	(1,5201000000087,'2019-01-30 16:49:03',12703),
    (1,5201000000056,'2018-06-19 18:06:42',11605),
    (1,5201000000076,'2018-06-19 18:06:42',11605),
    (1,5201000000062,'2019-10-18 18:09:11',11803),
    (1,5201000000049,'2019-10-18 18:09:11',11803),
    (1,5201000000062,'2020-04-13 20:37:11',12802),
    (1,5201000000049,'2020-04-13 20:37:11',12802),
    (1,5201000000060,'2020-04-13 20:37:11',12802),
    (1,5201000000001,'2019-08-26 19:06:49',11606),
    (2,5201000000002,'2019-08-26 19:06:49',11606),
    (1,5201000000005,'2019-08-26 19:06:49',11606),
    (3,5201000000018,'2019-08-26 19:06:49',11606),
    (3,5201000000013,'2019-04-30 20:47:47',10208),
    (1,5201000000014,'2019-04-30 20:47:47',10208),
    (3,5201000000017,'2019-04-30 20:47:47',10208),
    (2,5201000000018,'2019-04-30 20:47:47',10208),
    (1,5201000000022,'2019-04-30 20:47:47',10208),
    (1,5201000000036,'2019-04-30 20:47:47',10208),
    (1,5201000000043,'2019-04-30 20:47:47',10208),
    (1,5201000000090,'2018-03-15 20:29:34',13002),
    (3,5201000000087,'2018-03-15 20:29:34',13002),
    (1,5201000000081,'2018-03-15 20:29:34',13002),
    (1,5201000000024,'2019-01-19 14:48:08',12404),
    (1,5201000000027,'2019-01-19 14:48:08',12404),
    (2,5201000000028,'2019-01-19 14:48:08',12404),
    (1,5201000000013,'2019-01-19 14:48:08',12404),
    (5,5201000000019,'2018-09-09 12:46:12',12310),
    (2,5201000000021,'2018-09-09 12:46:12',12310),
    (4,5201000000022,'2018-09-09 12:46:12',12310),
    (2,5201000000023,'2018-09-09 12:46:12',12310),
    (4,5201000000024,'2018-09-09 12:46:12',12310),
    (1,5201000000025,'2018-09-09 12:46:12',12310),
    (1,5201000000041,'2018-09-09 12:46:12',12310),
    (1,5201000000051,'2020-03-04 17:38:44',11205),
	(2,5201000000051,'2019-08-15 20:16:04',11903),
    (2,5201000000052,'2019-08-15 20:16:04',11903),
    (2,5201000000054,'2019-08-15 20:16:04',11903),
    (3,5201000000066,'2019-08-15 20:16:04',11903),
    (1,5201000000027,'2019-08-15 20:16:04',11903),
    (2,5201000000048,'2020-01-08 17:11:23',10702),
    (1,5201000000085,'2020-01-08 17:11:23',10702),
    (5,5201000000060,'2020-01-08 17:11:23',10702),
    (1,5201000000035,'2020-01-08 17:11:23',10702),
    (1,5201000000048,'2019-07-01 13:54:30',11605),
    (2,5201000000087,'2019-07-01 13:54:30',11605),
    (1,5201000000056,'2019-08-08 19:42:44',10305),
    (2,5201000000053,'2019-08-08 19:42:44',10305),
    (1,5201000000001,'2019-08-08 19:42:44',10305),
    (1,5201000000012,'2019-08-08 19:42:44',10305),
    (1,5201000000062,'2018-10-01 18:49:37',11006),
    (1,5201000000023,'2018-10-01 18:49:37',11006),
    (1,5201000000004,'2018-10-01 18:49:37',11006),
    (1,5201000000011,'2018-10-01 18:49:37',11006),
    (3,5201000000047,'2020-06-03 19:11:01',11101),
    (1,5201000000062,'2020-06-03 19:11:01',11101),
    (1,5201000000043,'2020-06-03 19:11:01',11101),
    (1,5201000000039,'2020-06-03 19:11:01',11101),
    (1,5201000000045,'2019-08-06 09:27:44',11606),
    (1,5201000000027,'2019-08-06 09:27:44',11606),
    (5,5201000000044,'2018-02-28 10:53:16',10809),
    (4,5201000000010,'2018-02-28 10:53:16',10809),
    (2,5201000000011,'2018-02-28 10:53:16',10809),
    (5,5201000000015,'2018-02-28 10:53:16',10809),
    (3,5201000000017,'2018-02-28 10:53:16',10809),
    (4,5201000000016,'2018-02-28 10:53:16',10809),
    (1,5201000000051,'2018-02-28 10:53:16',10809),
    (2,5201000000054,'2018-02-28 10:53:16',10809),
    (2,5201000000041,'2018-02-28 10:53:16',10809),
    (2,5201000000046,'2018-01-02 11:29:13',11103),
    (1,5201000000088,'2018-01-02 11:29:13',11103),
    (1,5201000000011,'2018-01-02 11:29:13',11103),
    (2,5201000000048,'2020-01-01 10:07:44',12310),
    (1,5201000000047,'2020-01-01 10:07:44',12310),
    (1,5201000000060,'2020-01-01 10:07:44',12310),
    (1,5201000000032,'2020-01-01 10:07:44',12310),
    (1,5201000000002,'2020-01-01 10:07:44',12310),
    (1,5201000000004,'2020-01-01 10:07:44',12310),
    (2,5201000000072,'2018-11-30 09:39:29',12907),
    (1,5201000000054,'2018-11-30 09:39:29',12907),
    (1,5201000000076,'2018-11-30 09:39:29',12907),
    (1,5201000000078,'2018-11-30 09:39:29',12907),
    (4,5201000000020,'2018-08-07 14:13:38',12004),
    (1,5201000000025,'2018-08-07 14:13:38',12004),
    (1,5201000000038,'2018-08-07 14:13:38',12004),
    (1,5201000000001,'2018-08-07 14:13:38',12004),
	(2,5201000000022,'2018-08-07 14:13:38',12004),
    (1,5201000000078,'2020-05-30 10:03:39',12405),
	(1,5201000000075,'2020-01-30 20:14:42',11205),
    (1,5201000000069,'2020-01-30 20:14:42',11205),
    (1,5201000000001,'2020-01-30 20:14:42',11205),
    (4,5201000000008,'2020-04-25 20:28:08',10508),
    (3,5201000000006,'2020-04-25 20:28:08',10508),
    (3,5201000000012,'2020-04-25 20:28:08',10508),
    (1,5201000000029,'2020-04-25 20:28:08',10508),
    (1,5201000000030,'2020-04-25 20:28:08',10508),
    (1,5201000000060,'2020-04-25 20:28:08',10508),
    (1,5201000000001,'2018-09-05 09:40:46',10304),
    (2,5201000000010,'2019-10-20 15:00:07',11802),
    (4,5201000000011,'2019-10-20 15:00:07',11802),
	(5,5201000000012,'2019-10-20 15:00:07',11802),
    (2,5201000000015,'2019-10-20 15:00:07',11802),
    (4,5201000000013,'2019-10-20 15:00:07',11802),
	(1,5201000000059,'2019-10-20 15:00:07',11802),
	(3,5201000000078,'2019-01-14 11:09:42',11006),
	(1,5201000000022,'2019-01-14 11:09:42',11006),
	(3,5201000000023,'2018-02-16 20:51:03',10906),
	(2,5201000000024,'2018-02-16 20:51:03',10906),
	(1,5201000000086,'2018-02-16 20:51:03',10906),
	(1,5201000000089,'2018-02-16 20:51:03',10906),
	(1,5201000000090,'2018-02-16 20:51:03',10906),
	(1,5201000000026,'2018-02-16 20:51:03',10906),
    (1,5201000000027,'2018-02-16 20:51:03',10906),
    (2,5201000000030,'2020-01-06 15:41:07',11006),
    (2,5201000000060,'2020-01-06 15:41:07',11006),
    (2,5201000000036,'2018-01-17 14:33:53',12607),
    (5,5201000000039,'2018-01-17 14:33:53',12607),
    (5,5201000000044,'2018-01-17 14:33:53',12607),
	(1,5201000000043,'2018-01-17 14:33:53',12607),
    (2,5201000000033,'2020-04-15 09:45:32',10904),
    (3,5201000000058,'2018-09-17 17:01:21',12210),
    (1,5201000000082,'2018-09-17 17:01:21',12210),
    (6,5201000000012,'2018-09-17 17:01:21',12210),
    (2,5201000000070,'2019-01-12 10:31:07',12404),
    (4,5201000000069,'2019-01-12 10:31:07',12404),
    (1,5201000000077,'2019-01-12 10:31:07',12404),
    (3,5201000000079,'2019-01-12 10:31:07',12404),
    (4,5201000000080,'2019-01-12 10:31:07',12404),
    (1,5201000000044,'2019-01-12 10:31:07',12404),
    (1,5201000000041,'2019-01-12 10:31:07',12404),
    (5,5201000000045,'2020-01-26 12:19:08',12802),
	(1,5201000000051,'2020-01-26 12:19:08',12802),
    (1,5201000000052,'2020-01-26 12:19:08',12802),
    (1,5201000000043,'2020-01-26 12:19:08',12802),
    (1,5201000000040,'2020-01-26 12:19:08',12802),
    (1,5201000000051,'2019-07-10 10:48:46',11403),
    (1,5201000000050,'2019-07-10 10:48:46',11403),
	(4,5201000000007,'2018-09-30 13:51:47',12004),
    (1,5201000000078,'2018-09-30 13:51:47',12004),
    (1,5201000000067,'2018-09-30 13:51:47',12004),
    (1,5201000000072,'2018-09-30 13:51:47',12004),
    (2,5201000000078,'2018-01-27 11:14:50',12503),
    (2,5201000000068,'2018-01-27 11:14:50',12503),
    (1,5201000000066,'2018-01-27 11:14:50',12503),
    (2,5201000000085,'2020-02-04 12:24:28',12608),
    (1,5201000000081,'2020-02-04 12:24:28',12608),
    (1,5201000000087,'2020-02-04 12:24:28',12608),
    (1,5201000000013,'2020-02-04 12:24:28',12608),
    (2,5201000000060,'2020-02-04 12:24:28',12608),
    (5,5201000000034,'2020-04-26 20:16:36',10208),
    (1,5201000000041,'2020-04-26 20:16:36',10208),
    (3,5201000000029,'2018-11-28 16:20:47',12109),
    (3,5201000000032,'2018-11-28 16:20:47',12109),
    (2,5201000000062,'2018-11-28 16:20:47',12109),
    (1,5201000000089,'2018-11-28 16:20:47',12109),
    (1,5201000000082,'2020-01-18 12:49:25',13001),
    (1,5201000000086,'2020-01-18 12:49:25',13001),
    (1,5201000000085,'2020-01-18 12:49:25',13001),
    (1,5201000000064,'2020-01-18 12:49:25',13001),
    (1,5201000000040,'2020-01-18 12:49:25',13001),
    (1,5201000000042,'2020-01-18 12:49:25',13001),
    (1,5201000000062,'2018-07-24 13:34:16',11606),
    (1,5201000000039,'2018-07-24 13:34:16',11606),
    (4,5201000000002,'2018-08-05 11:34:13',10105),
    (5,5201000000003,'2018-08-05 11:34:13',10105),
    (4,5201000000004,'2018-08-05 11:34:13',10105),
    (5,5201000000005,'2018-08-05 11:34:13',10105),
    (2,5201000000006,'2018-08-05 11:34:13',10105),
    (2,5201000000007,'2018-08-05 11:34:13',10105),
    (2,5201000000008,'2018-08-05 11:34:13',10105),
    (2,5201000000009,'2018-08-05 11:34:13',10105),
    (3,5201000000010,'2018-08-05 11:34:13',10105),
    (1,5201000000085,'2019-10-06 10:03:24',10701),
    (3,5201000000075,'2019-01-05 19:22:54',12701),
    (2,5201000000077,'2019-01-05 19:22:54',12701),
    (1,5201000000056,'2019-01-05 19:22:54',12701),
    (2,5201000000024,'2019-10-21 18:48:00',12310),
    (1,5201000000002,'2019-10-21 18:48:00',12310),
    (2,5201000000078,'2020-04-13 13:19:54',12703),
    (1,5201000000089,'2020-04-13 13:19:54',12703),
    (1,5201000000017,'2020-04-13 13:19:54',12703),
    (1,5201000000013,'2020-04-13 13:19:54',12703),
    (4,5201000000042,'2019-07-07 19:07:48',12310),
	(3,5201000000043,'2019-07-07 19:07:48',12310),
    (1,5201000000048,'2019-07-07 19:07:48',12310),
    (2,5201000000047,'2019-07-07 19:07:48',12310),
    (1,5201000000018,'2019-07-07 19:07:48',12310),
    (1,5201000000087,'2020-01-08 19:30:29',12404),
    (3,5201000000070,'2020-02-17 12:27:33',11702),
    (2,5201000000067,'2020-02-17 12:27:33',11702),
    (1,5201000000059,'2020-02-17 12:27:33',11702),
    (2,5201000000063,'2020-05-31 12:57:57',10305),
    (1,5201000000058,'2020-05-31 12:57:57',10305),
    (1,5201000000031,'2018-08-25 13:40:26',12405),
    (3,5201000000030,'2018-08-25 13:40:26',12405),
    (2,5201000000032,'2018-08-25 13:40:26',12405),
    (1,5201000000033,'2018-08-25 13:40:26',12405),
    (1,5201000000012,'2018-08-25 13:40:26',12405),
    (1,5201000000078,'2019-08-24 15:42:37',12909),
    (4,5201000000020,'2019-08-24 15:42:37',12909),
    (2,5201000000019,'2019-08-24 15:42:37',12909),
    (4,5201000000018,'2019-08-24 15:42:37',12909),
    (2,5201000000049,'2019-08-24 15:42:37',12909),
    (4,5201000000050,'2019-08-24 15:42:37',12909),
    (1,5201000000056,'2019-08-24 15:42:37',12909),
    (1,5201000000058,'2019-08-03 16:31:28',11403),
    (1,5201000000077,'2019-08-03 16:31:28',11403),
    (2,5201000000005,'2019-08-03 16:31:28',11403),
    (3,5201000000079,'2019-01-31 20:04:42',10306),
    (2,5201000000080,'2019-01-31 20:04:42',10306),
    (1,5201000000085,'2019-01-31 20:04:42',10306),
    (1,5201000000054,'2019-01-31 20:04:42',10306),
    (2,5201000000014,'2019-01-31 20:04:42',10306),
    (1,5201000000062,'2019-08-17 12:53:49',10906),
    (3,5201000000043,'2019-08-17 12:53:49',10906),
    (1,5201000000044,'2019-08-17 12:53:49',10906),
    (3,5201000000051,'2018-04-14 17:00:08',12607),
    (4,5201000000052,'2018-04-14 17:00:08',12607),
    (3,5201000000054,'2018-04-14 17:00:08',12607),
    (2,5201000000055,'2018-04-14 17:00:08',12607),
    (2,5201000000056,'2018-04-14 17:00:08',12607),
    (1,5201000000021,'2018-04-14 17:00:08',12607),
    (2,5201000000051,'2019-08-11 20:52:46',12208),
    (5,5201000000053,'2019-08-11 20:52:46',12208),
    (1,5201000000055,'2019-08-11 20:52:46',12208),
    (1,5201000000026,'2019-08-11 20:52:46',12208),
    (2,5201000000078,'2019-03-10 15:55:19',10106),
	(1,5201000000066,'2019-03-10 15:55:19',10106),
    (2,5201000000034,'2019-07-01 10:51:53',12701),
    (4,5201000000035,'2019-07-01 10:51:53',12701),
    (2,5201000000041,'2019-07-01 10:51:53',12701),
    (1,5201000000040,'2019-07-01 10:51:53',12701),
	(2,5201000000046,'2019-07-01 10:51:53',12701),
    (1,5201000000042,'2019-07-01 10:51:53',12701),
    (3,5201000000039,'2019-04-02 18:31:12',10208),
    (1,5201000000047,'2018-10-12 12:25:14',10105),
	(1,5201000000027,'2018-10-12 12:25:14',10105),
    (3,5201000000031,'2018-03-19 19:43:27',10809),
    (1,5201000000053,'2018-03-19 19:43:27',10809),
    (1,5201000000023,'2020-03-16 18:19:03',10507),
    (4,5201000000016,'2020-03-16 18:19:03',10507),
    (1,5201000000045,'2020-03-16 18:19:03',10507),
    (2,5201000000031,'2020-03-16 18:19:03',10507),
    (2,5201000000062,'2018-11-30 19:49:38',11102),
    (4,5201000000071,'2018-11-30 19:49:38',11102),
    (2,5201000000073,'2018-11-30 19:49:38',11102),
    (1,5201000000053,'2018-11-30 19:49:38',11102),
	(1,5201000000090,'2019-04-05 17:49:11',12210),
    (1,5201000000089,'2019-04-05 17:49:11',12210),
    (1,5201000000079,'2019-04-05 17:49:11',12210),
    (1,5201000000081,'2019-02-14 20:06:14',12107),
	(1,5201000000039,'2019-02-14 20:06:14',12107),
	(1,5201000000040,'2019-02-14 20:06:14',12107),
    (4,5201000000002,'2018-04-13 18:07:32',11101),
    (5,5201000000034,'2018-04-13 18:07:32',11101),
    (3,5201000000023,'2018-04-13 18:07:32',11101),
    (2,5201000000071,'2018-04-13 18:07:32',11101),
    (2,5201000000081,'2019-02-18 18:20:19',10510),
    (2,5201000000044,'2019-02-18 18:20:19',10510),
    (1,5201000000001,'2019-01-03 20:54:20',11401),
    (1,5201000000023,'2019-09-02 16:08:04',12310),
	(2,5201000000011,'2019-09-02 16:08:04',12310),
    (4,5201000000086,'2020-06-03 14:40:51',11402),
    (1,5201000000079,'2020-06-03 14:40:51',11402),
    (1,5201000000002,'2020-05-24 10:41:01',10208),
    (1,5201000000062,'2020-05-24 10:41:01',10208),
    (1,5201000000059,'2020-05-24 10:41:01',10208),
    (1,5201000000081,'2020-03-05 15:48:42',12503),
    (1,5201000000042,'2020-03-05 15:48:42',12503),
    (6,5201000000064,'2019-03-20 17:36:22',10006),
    (1,5201000000028,'2019-03-20 17:36:22',10006),
    (1,5201000000022,'2019-03-20 17:36:22',10006),
    (1,5201000000050,'2019-02-09 16:31:21',12502),
    (1,5201000000047,'2020-02-26 10:55:09',11502),
    (2,5201000000058,'2020-02-26 10:55:09',11502),
    (2,5201000000034,'2020-02-26 10:55:09',11502),
    (1,5201000000086,'2018-06-25 17:30:12',11204),
    (1,5201000000078,'2018-06-25 17:30:12',11204),
    (1,5201000000062,'2018-08-16 18:24:42',11702),
    (8,5201000000028,'2018-08-16 18:24:42',11702),
    (4,5201000000068,'2018-08-16 18:24:42',11702),
    (1,5201000000089,'2020-05-18 12:34:18',12607),
    (1,5201000000083,'2020-05-18 12:34:18',12607),
    (2,5201000000065,'2018-06-16 17:55:53',11204),
    (1,5201000000054,'2018-06-16 17:55:53',11204),
    (5,5201000000060,'2018-01-29 10:14:28',10004),
    (4,5201000000021,'2018-01-29 10:14:28',10004),
    (2,5201000000023,'2018-01-29 10:14:28',10004),
    (1,5201000000051,'2018-01-29 10:14:28',10004),
    (1,5201000000027,'2018-01-29 10:14:28',10004),
    (20,5201000000043,'2018-04-25 17:27:57',12502),
	(1,5201000000067,'2019-01-28 17:32:29',10606),
    (1,5201000000034,'2019-01-28 17:32:29',10606),
    (2,5201000000038,'2019-01-28 17:32:29',10606),
    (1,5201000000018,'2019-01-28 17:32:29',10606),
    (2,5201000000022,'2019-09-26 20:55:08',10810),
	(2,5201000000065,'2019-09-26 20:55:08',10810),  
    (1,5201000000062,'2020-03-25 10:16:59',10809),
	(8,5201000000060,'2020-03-25 10:16:59',10809),
    (1,5201000000074,'2018-04-21 13:28:56',13002),
    (4,5201000000073,'2018-04-21 13:28:56',13002),
    (3,5201000000084,'2018-04-21 13:28:56',13002),
    (3,5201000000087,'2018-04-21 13:28:56',13002),
    (1,5201000000085,'2018-04-21 13:28:56',13002),
    (1,5201000000080,'2018-04-21 13:28:56',13002),
    (2,5201000000041,'2018-04-21 13:28:56',13002),
    (3,5201000000022,'2019-09-09 15:19:55',11502),
    (1,5201000000033,'2019-09-09 15:19:55',11502),
    (2,5201000000013,'2019-09-09 15:19:55',11502),
    (1,5201000000014,'2019-09-09 15:19:55',11502),
    (1,5201000000017,'2019-08-27 16:30:58',10004),
    (1,5201000000062,'2019-08-27 16:30:58',10004),
    (10,5201000000016,'2019-08-27 16:30:58',10004),
    (2,5201000000011,'2019-08-27 16:30:58',10004),
    (1,5201000000012,'2019-08-27 16:30:58',10004),
    (5,5201000000053,'2019-04-15 10:21:50',12004),
    (3,5201000000058,'2019-04-15 10:21:50',12004),
    (1,5201000000033,'2018-01-31 12:41:33',12501),
    (1,5201000000037,'2018-01-31 12:41:33',12501),
    (6,5201000000041,'2018-01-31 12:41:33',12501),
    (1,5201000000051,'2018-01-31 12:41:33',12501),
    (2,5201000000059,'2018-01-31 12:41:33',12501),
    (1,5201000000064,'2018-01-31 12:41:33',12501),
    (2,5201000000008,'2018-01-31 12:41:33',12501),
	(1,5201000000089,'2019-08-03 18:43:19',12701),
    (3,5201000000076,'2019-08-03 18:43:19',12701),
    (2,5201000000044,'2019-08-03 18:43:19',12701),
    (1,5201000000078,'2020-01-09 20:06:19',11102),
    (4,5201000000053,'2020-01-09 20:06:19',11102),
    (2,5201000000047,'2019-01-23 12:53:09',12503),
    (2,5201000000023,'2019-01-23 12:53:09',12503),
    (1,5201000000041,'2019-01-23 12:53:09',12503),
    (4,5201000000037,'2018-06-30 12:48:13',12701),
    (1,5201000000031,'2020-01-30 20:00:15',10604),
    (3,5201000000030,'2020-01-30 20:00:15',10604),
    (1,5201000000047,'2020-01-30 20:00:15',10604),
    (1,5201000000060,'2020-01-30 20:00:15',10604),
    (1,5201000000064,'2019-03-23 18:10:08',11305),
    (1,5201000000036,'2019-03-23 18:10:08',11305),
    (1,5201000000003,'2019-03-23 18:10:08',11305),
    (1,5201000000013,'2019-03-23 18:10:08',11305),
    (1,5201000000008,'2019-09-26 20:08:19',12503),
	(1,5201000000089,'2020-02-11 20:18:03',11204),
    (1,5201000000090,'2020-02-11 20:18:03',11204),
    (1,5201000000088,'2018-01-28 10:17:33',10306),
    (1,5201000000058,'2018-01-28 10:17:33',10306),
    (1,5201000000056,'2020-02-23 11:27:22',11101),
    (1,5201000000001,'2020-02-23 11:27:22',11101),
    (1,5201000000011,'2019-03-30 10:15:35',10004),
    (1,5201000000042,'2018-10-05 10:18:04',10508),
    (1,5201000000081,'2018-10-05 10:18:04',10508),
    (5,5201000000054,'2018-10-05 10:18:04',10508),
    (1,5201000000085,'2020-01-30 14:01:12',10304),
    (1,5201000000090,'2020-01-30 14:01:12',10304),
    (1,5201000000056,'2020-01-30 14:01:12',10304),
    (2,5201000000024,'2018-11-12 15:49:12',12109),
    (1,5201000000033,'2018-11-12 15:49:12',12109),
    (2,5201000000034,'2018-11-12 15:49:12',12109),
	(1,5201000000055,'2020-01-09 10:49:52',12503),
	(2,5201000000043,'2020-01-09 10:49:52',12503),  
    (1,5201000000078,'2019-09-23 14:20:56',10208),
    (1,5201000000062,'2019-09-23 14:20:56',10208),
    (1,5201000000066,'2019-09-23 14:20:56',10208),
    (2,5201000000081,'2019-10-10 19:15:05',12501),
    (1,5201000000051,'2019-10-10 19:15:05',12501),
    (2,5201000000061,'2019-10-10 19:15:05',12501),
    (1,5201000000002,'2019-10-10 19:15:05',12501),
    (1,5201000000003,'2019-10-10 19:15:05',12501),
    (6,5201000000013,'2018-09-07 15:08:12',12802),
    (5,5201000000057,'2018-09-07 15:08:12',12802),
    (2,5201000000051,'2018-09-07 15:08:12',12802),
    (2,5201000000077,'2018-09-07 15:08:12',12802),
    (2,5201000000086,'2019-03-18 12:18:31',10904),
    (1,5201000000062,'2019-03-18 12:18:31',10904),
    (4,5201000000072,'2019-03-18 12:18:31',10904),
    (1,5201000000081,'2018-04-16 12:40:19',10702),
    (1,5201000000017,'2018-04-16 12:40:19',10702),
	(4,5201000000028,'2019-11-24 19:57:18',11305),
    (2,5201000000030,'2019-11-24 19:57:18',11305),
    (4,5201000000087,'2019-11-24 19:57:18',11305),
    (1,5201000000012,'2019-11-24 19:57:18',11305),
    (1,5201000000003,'2018-01-07 17:09:17',10510),
    (3,5201000000032,'2018-01-07 17:09:17',10510),
    (1,5201000000051,'2018-01-07 17:09:17',10510),
    (1,5201000000063,'2018-01-07 17:09:17',10510);

#defining the three indexes
create index transaction_date_time_idx on Transactions(Date_time);
create index contains_card_number_idx on Contains(Card_number);
create index contains_barcode_idx on Contains(Barcode);

#Q6
select *
    from Stores
    where Store_id=04;
    
select  *
    from Transactions
    where Date_Time > '2020-04-01 00:00:00' and Payment_method = 'cash' and  Card_number like '___04';
    
select  *
    from Transactions
    where Date_Time < '2019-04-30 00:00:00' and  Date_Time > '2019-03-01 00:00:00' and Payment_method = 'cash'  and  Card_number like '___04%';
  

select *
    from Transactions as T
    where Date_Time < '2019-03-30 00:00:00' and  
    Date_Time > '2019-03-01 00:00:00' and Payment_method = 'cash' and  Card_number like '___04' and 5<(
    select sum(Pieces)
    from Contains as S
    where S.Date_time = T.Date_time)
    group by Date_time, Card_number;

#Q7
select bar
from (select Barcode as bar, sum(Pieces) as TotalPieces
    from Contains 
    where Card_number like '124__'
    group by bar
	order by totalPieces desc
	limit 10)
    as B;

select count(Card_number)
from Customer
where Card_number like '124__';

select Card_number
from Customer
where Card_number like '124__';

select hour(Date_Time)
from Transactions
where Card_number like '12404';

/*the last week of the inserted transactions is the 22nd week of the year (1st - 7th of June)*/
select sum(amount_each_week)/count(Week) as avg_amount_per_week
from (select week(Date_time) as Week, year(Date_time) as Year, sum(Total_amount) as amount_each_week
	from Transactions 
	where Card_number like '124__' and week(Date_time) = 22 and year(Date_time) = 2020 
	group by Week,Year)
    as avg_per_week;
    
select sum(amount_each_month)/count(Month) as avg_amount_per_month
from (select month(Date_time) as Month, year(Date_time) as Year, sum(Total_amount) as amount_each_month
	from Transactions 
	where Card_number like '124__' and month(Date_time) = 06 and year(Date_time) = 2020 
	group by Month,Year)
    as avg_per_month;
  

#Q8
SELECT bar1, bar2, count(*) as cnt
from (select  C1.Barcode as bar1, C2.Barcode as bar2
    from Contains as C1, Contains as C2
    where C1.Barcode < C2.Barcode  and C1.Card_number = C2.Card_number and C1.Date_time = C2.Date_time)
    as den
    group by bar1, bar2
    order by cnt desc
    limit 10 ;
    
#Q9
select shelf, alley
from (select  O.Shelf as shelf, O.Alley as alley, sum(Pieces) as TotalPieces
	from Offers as O, Contains as C 
    where C.Card_number like '___01' = O.Store_id and C.Barcode = O.Barcode
    group by shelf, alley
    order by totalPieces desc
    limit 10)
    as A;
 
select shelf, alley
from (select  O.Shelf as shelf, O.Alley as alley, sum(Pieces) as TotalPieces
	from Offers as O, Contains as C 
    where C.Card_number like '___02' = O.Store_id and C.Barcode = O.Barcode
    group by shelf, alley
    order by totalPieces desc
    limit 10)
    as A;
    
select shelf, alley
from (select  O.Shelf as shelf, O.Alley as alley, sum(Pieces) as TotalPieces
	from Offers as O, Contains as C 
    where C.Card_number like '___03' = O.Store_id and C.Barcode = O.Barcode
    group by shelf, alley
    order by totalPieces desc
    limit 10)
    as A;

select shelf, alley
from (select  O.Shelf as shelf, O.Alley as alley, sum(Pieces) as TotalPieces
	from Offers as O, Contains as C 
    where C.Card_number like '___04' = O.Store_id and C.Barcode = O.Barcode
    group by shelf, alley
    order by totalPieces desc
    limit 10)
    as A;
    
select shelf, alley
from (select  O.Shelf as shelf, O.Alley as alley, sum(Pieces) as TotalPieces
	from Offers as O, Contains as C 
    where C.Card_number like '___05' = O.Store_id and C.Barcode = O.Barcode
    group by shelf, alley
    order by totalPieces desc
    limit 10)
    as A;
    
select shelf, alley
from (select  O.Shelf as shelf, O.Alley as alley, sum(Pieces) as TotalPieces
	from Offers as O, Contains as C 
    where C.Card_number like '___06' = O.Store_id and C.Barcode = O.Barcode
    group by shelf, alley
    order by totalPieces desc
    limit 10)
    as A;
    
select shelf, alley
from (select  O.Shelf as shelf, O.Alley as alley, sum(Pieces) as TotalPieces
	from Offers as O, Contains as C 
    where C.Card_number like '___07' = O.Store_id and C.Barcode = O.Barcode
    group by shelf, alley
    order by totalPieces desc
    limit 10)
    as A;
    
select shelf, alley
from (select  O.Shelf as shelf, O.Alley as alley, sum(Pieces) as TotalPieces
	from Offers as O, Contains as C 
    where C.Card_number like '___08' = O.Store_id and C.Barcode = O.Barcode
    group by shelf, alley
    order by totalPieces desc
    limit 10)
    as A;
    
select shelf, alley
from (select  O.Shelf as shelf, O.Alley as alley, sum(Pieces) as TotalPieces
	from Offers as O, Contains as C 
    where C.Card_number like '___09' = O.Store_id and C.Barcode = O.Barcode
    group by shelf, alley
    order by totalPieces desc
    limit 10)
    as A;
    
select shelf, alley
from (select  O.Shelf as shelf, O.Alley as alley, sum(Pieces) as TotalPieces
	from Offers as O, Contains as C 
    where C.Card_number like '___10' = O.Store_id and C.Barcode = O.Barcode
    group by shelf, alley
    order by totalPieces desc
    limit 10)
    as A;

#Q10
select Count(T.Barcode)*100 / (select Count(V.Barcode) from Contains as C, Products as V
where Category_id=01 and C.Barcode = V.Barcode )
    from Contains as T, Products as S
        where Category_id=01 and Brand_name=1 and T.Barcode = S.Barcode ;    
        
select Count(T.Barcode)*100 / (select Count(V.Barcode) from Contains as C, Products as V
where Category_id=02 and C.Barcode = V.Barcode )
    from Contains as T, Products as S
        where Category_id=02 and Brand_name=1 and T.Barcode = S.Barcode ; 

select Count(T.Barcode)*100 / (select Count(V.Barcode) from Contains as C, Products as V
where Category_id=03 and C.Barcode = V.Barcode )
    from Contains as T, Products as S
        where Category_id=03 and Brand_name=1 and T.Barcode = S.Barcode ; 

select Count(T.Barcode)*100 / (select Count(V.Barcode) from Contains as C, Products as V
where Category_id=04 and C.Barcode = V.Barcode )
    from Contains as T, Products as S
        where Category_id=04 and Brand_name=1 and T.Barcode = S.Barcode ; 

select Count(T.Barcode)*100 / (select Count(V.Barcode) from Contains as C, Products as V
where Category_id=05 and C.Barcode = V.Barcode )
    from Contains as T, Products as S
        where Category_id=05 and Brand_name=1 and T.Barcode = S.Barcode ; 

select Count(T.Barcode)*100 / (select Count(V.Barcode) from Contains as C, Products as V
where Category_id=06 and C.Barcode = V.Barcode )
    from Contains as T, Products as S
        where Category_id=06 and Brand_name=1 and T.Barcode = S.Barcode ;

#Q11
select hours
from (select hour(Date_time) as hours, sum(Total_amount) as Sum
	from Transactions
    group by hours
    order by Sum desc)
    as H;

#Q12
select   2020-year(Date_of_birth) as age, count(Date_time)*100/
(select Count(T.Date_time) from Transactions as T where  HOUR(T.Date_time)= 9) 
    as percent
    from Customer as C, Transactions as T
    where HOUR(T.Date_time)=9 and T.Card_number=C.Card_number
    group by age
    order by percent desc;
    
select   2020-year(Date_of_birth) as age, count(Date_time)*100/
(select Count(T.Date_time) from Transactions as T where  HOUR(T.Date_time)= 10) 
    as percent
    from Customer as C, Transactions as T
    where HOUR(T.Date_time)=10 and T.Card_number=C.Card_number
    group by age
    order by percent desc;
    
select   2020-year(Date_of_birth) as age, count(Date_time)*100/
(select Count(T.Date_time) from Transactions as T where  HOUR(T.Date_time)= 11) 
    as percent
    from Customer as C, Transactions as T
    where HOUR(T.Date_time)=11 and T.Card_number=C.Card_number
    group by age
    order by percent desc;
    
select   2020-year(Date_of_birth) as age, count(Date_time)*100/
(select Count(T.Date_time) from Transactions as T where  HOUR(T.Date_time)= 12) 
    as percent
    from Customer as C, Transactions as T
    where HOUR(T.Date_time)=12 and T.Card_number=C.Card_number
    group by age
    order by percent desc;
    
select   2020-year(Date_of_birth) as age, count(Date_time)*100/
(select Count(T.Date_time) from Transactions as T where  HOUR(T.Date_time)= 13) 
    as percent
    from Customer as C, Transactions as T
    where HOUR(T.Date_time)=13 and T.Card_number=C.Card_number
    group by age
    order by percent desc;
    
select   2020-year(Date_of_birth) as age, count(Date_time)*100/
(select Count(T.Date_time) from Transactions as T where  HOUR(T.Date_time)= 14) 
    as percent
    from Customer as C, Transactions as T
    where HOUR(T.Date_time)=14 and T.Card_number=C.Card_number
    group by age
    order by percent desc;
    
select   2020-year(Date_of_birth) as age, count(Date_time)*100/
(select Count(T.Date_time) from Transactions as T where  HOUR(T.Date_time)= 15) 
    as percent
    from Customer as C, Transactions as T
    where HOUR(T.Date_time)=15 and T.Card_number=C.Card_number
    group by age
    order by percent desc;
    
select   2020-year(Date_of_birth) as age, count(Date_time)*100/
(select Count(T.Date_time) from Transactions as T where  HOUR(T.Date_time)= 16) 
    as percent
    from Customer as C, Transactions as T
    where HOUR(T.Date_time)=16 and T.Card_number=C.Card_number
    group by age
    order by percent desc;
    
select   2020-year(Date_of_birth) as age, count(Date_time)*100/
(select Count(T.Date_time) from Transactions as T where  HOUR(T.Date_time)= 17) 
    as percent
    from Customer as C, Transactions as T
    where HOUR(T.Date_time)=17 and T.Card_number=C.Card_number
    group by age
    order by percent desc;
    
select   2020-year(Date_of_birth) as age, count(Date_time)*100/
(select Count(T.Date_time) from Transactions as T where  HOUR(T.Date_time)= 17) 
    as percent
    from Customer as C, Transactions as T
    where HOUR(T.Date_time)=17 and T.Card_number=C.Card_number
    group by age
    order by percent desc;
    
select   2020-year(Date_of_birth) as age, count(Date_time)*100/
(select Count(T.Date_time) from Transactions as T where  HOUR(T.Date_time)= 18) 
    as percent
    from Customer as C, Transactions as T
    where HOUR(T.Date_time)=18 and T.Card_number=C.Card_number
    group by age
    order by percent desc;
    
select   2020-year(Date_of_birth) as age, count(Date_time)*100/
(select Count(T.Date_time) from Transactions as T where  HOUR(T.Date_time)= 19) 
    as percent
    from Customer as C, Transactions as T
    where HOUR(T.Date_time)=19 and T.Card_number=C.Card_number
    group by age
    order by percent desc;
    
select   2020-year(Date_of_birth) as age, count(Date_time)*100/
(select Count(T.Date_time) from Transactions as T where  HOUR(T.Date_time)= 20) 
    as percent
    from Customer as C, Transactions as T
    where HOUR(T.Date_time)=20 and T.Card_number=C.Card_number
    group by age
    order by percent desc;

#Q14
select *
from Older_Prices
where Barcode = 5201000000002 ;
select *
from Older_Prices
where Barcode = 5201000000031;
